timestamp,cylinder number,customer,job number,grain screened,ink color,proof on ctd ink,blade mfg,cylinder division,paper,ink,direct steam,solvent type,type on cylinder,press type,press,unit number,cylinder size,paper mill location,plating tank,proof cut,viscosity,caliper,ink temperature,humifity,roughness,blade pressure,varnish pct,press speed,ink pct,solvent pct,ESA Voltage,ESA Amperage,wax,hardener,roller durometer,current density,anode space ratio,chrome content,band type
115,265,61,25503.0,2,1,2,1,1,2,2,1,0,1,2,821.0,2.0,3,2,1911.0,55.0,46.0,2,17.0,78.0,0.75,20.0,13.1,1700.0,50.5,36.4,0.0,0.0,2.5,1.0,34.0,40.0,105.0,100.0,0
116,305,61,25503.0,2,1,2,1,1,2,2,1,0,1,2,821.0,2.0,3,2,1906.7816091954023,55.0,46.0,8,15.0,80.0,0.75,20.0,6.6,1900.0,54.9,38.5,0.0,0.0,2.5,0.7,34.0,40.0,105.0,100.0,1
114,10,49,47201.0,2,1,2,1,1,2,0,1,0,1,3,815.0,9.0,1,2,1906.7816091954023,62.0,40.0,13,16.0,80.0,0.7243334970530452,30.0,6.5,1850.0,53.8,39.8,0.0,0.0,2.8,0.9,40.0,40.0,103.87,100.0,1
114,221,47,39039.0,2,1,2,1,1,2,2,1,0,1,3,816.0,9.0,1,2,1910.0,52.0,40.0,8,16.0,75.0,0.3125,30.0,5.6,1467.0,55.6,38.8,0.0,0.0,2.5,1.3,40.0,40.0,108.06,100.0,1
117,153,44,37351.0,1,1,2,1,1,2,0,1,0,1,3,816.0,2.0,3,2,1910.0,50.0,46.0,8,17.0,80.0,0.75,30.0,0.0,2100.0,57.5,42.5,5.0,0.0,2.3,0.6,35.0,40.0,106.67,100.0,1
114,227,47,38039.0,2,1,2,1,1,2,2,1,0,1,3,816.0,2.0,1,2,1910.0,50.0,40.0,6,16.8,76.0,0.4375,28.0,8.6,1467.0,53.8,37.6,5.0,0.0,2.5,0.8,40.0,40.0,103.87,100.0,1
117,300,55,35751.0,1,1,2,1,1,1,0,1,0,1,2,827.0,2.0,3,0,1911.0,50.0,46.0,8,16.5,75.0,0.75,30.0,0.0,2600.0,62.5,37.5,6.0,0.0,2.5,0.6,30.0,40.0,106.67,100.0,1
117,368,55,35751.0,1,1,2,1,1,1,0,1,0,1,2,827.0,9.0,3,1,1911.0,50.0,46.0,2,16.5,75.0,0.75,28.0,0.0,2600.0,62.5,37.5,6.0,0.0,2.5,1.1,30.0,40.0,106.67,100.0,1
118,175,49,47201.0,2,1,2,1,1,2,2,1,2,1,0,802.0,7.0,1,2,1910.0,50.0,45.0,11,12.0,70.0,0.75,60.0,0.0,1650.0,60.2,39.8,1.5,0.0,3.0,1.0,40.0,40.0,103.22,100.0,0
120,132,16,37000.0,2,1,2,1,1,2,2,1,0,1,3,815.0,2.0,1,2,1911.0,65.0,43.0,9,16.0,75.0,1.0,32.0,22.7,1750.0,45.5,31.8,0.0,0.0,3.0,1.0,38.0,40.0,106.66,100.0,1
120,136,16,37000.0,2,1,2,1,1,2,2,1,0,1,3,815.0,9.0,1,2,1910.0,65.0,43.0,2,16.0,68.0,0.75,30.0,15.5,1750.0,48.5,35.9,0.0,0.0,3.0,1.0,38.0,40.0,106.6,100.0,1
117,326,36,35539.0,2,1,2,1,1,2,2,1,0,1,2,821.0,2.0,3,2,1911.0,50.0,50.0,11,14.0,80.0,0.75,40.0,10.5,1700.0,52.6,36.8,0.0,0.0,2.5,1.0,38.0,40.0,105.0,100.0,0
121,349,35,35539.0,2,1,2,1,1,2,2,1,0,1,2,821.0,7.0,3,2,1911.0,50.0,50.0,8,15.0,70.0,1.0,30.0,10.0,1600.0,50.0,40.0,0.0,0.0,2.8,1.0,38.0,40.0,106.66,100.0,0
124,378,30,23052.0,2,1,2,1,1,2,2,1,0,1,2,821.0,7.0,3,2,1911.0,40.0,45.0,8,14.5,70.0,0.625,25.0,0.0,1500.0,59.5,40.5,0.0,0.0,2.0,1.0,40.0,40.0,100.0,100.0,0
121,308,35,35539.0,2,1,2,1,1,2,2,1,0,1,2,821.0,2.0,3,2,1911.0,50.0,43.0,6,16.0,75.0,1.0,20.0,15.8,1600.0,49.5,34.7,0.0,0.0,2.5,1.0,38.0,40.0,103.22,100.0,1
113,31,49,47201.0,1,1,2,1,1,1,0,1,0,0,1,813.0,9.0,1,2,1911.0,45.1679012345679,45.0,4,15.0,87.0,1.0,30.907563025210084,0.0,1400.0,62.5,37.5,0.0,0.0,2.5,1.0,40.0,40.0,103.22,100.0,0
126,46,38,38064.0,1,1,2,1,1,1,0,1,0,0,1,813.0,5.0,1,0,1911.0,30.0,45.0,2,14.0,65.0,0.7243334970530452,30.907563025210084,0.0,1600.0,62.5,37.5,0.0,0.0,2.5,0.8,33.0,40.0,100.0,100.0,1
126,53,38,38064.0,1,1,2,1,1,1,0,1,0,0,1,813.0,1.0,1,0,1911.0,30.0,45.0,2,15.5,65.0,0.7243334970530452,30.907563025210084,5.9,1600.0,58.8,35.3,0.0,0.0,2.5,1.8,33.0,40.0,100.0,100.0,1
123,219,62,35521.0,2,1,2,1,1,2,2,1,0,1,1,813.0,5.0,1,0,1910.0,60.0,38.0,6,16.4,64.0,0.75,30.907563025210084,11.0,1400.0,54.9,34.1,0.0,0.0,2.5,1.0,32.0,40.0,103.22,100.0,1
123,69,62,35521.0,2,1,2,1,1,2,2,1,0,1,1,813.0,1.0,1,0,1911.0,60.0,38.0,9,16.5,66.0,0.75,30.907563025210084,6.7,1400.0,56.2,37.1,0.0,0.0,1.1,1.4,32.0,40.0,103.22,100.0,1
127,373,18,37571.0,1,1,2,1,1,1,0,1,1,0,2,824.0,2.0,3,0,1911.0,50.0,45.0,4,16.0,70.0,0.8125,30.0,0.0,2400.0,58.8,41.2,0.0,0.0,1.7,1.0,30.0,40.0,107.4,100.0,1
127,383,18,35751.0,1,1,2,1,1,1,0,1,1,1,2,824.0,9.0,3,0,1911.0,40.0,45.0,2,15.0,76.0,0.8125,30.0,0.0,2400.0,62.5,37.5,0.0,0.0,1.0,1.0,30.0,40.0,107.4,100.0,1
121,281,64,37340.0,1,1,2,1,1,1,0,1,0,1,2,824.0,2.0,3,0,1911.0,30.0,43.0,2,16.3,70.0,0.8125,25.0,1.2,2200.0,58.1,40.7,4.0,0.0,2.0,1.0,30.0,40.0,96.875,100.0,1
125,192,59,35816.0,1,1,2,1,1,1,0,1,0,1,2,827.0,2.0,2,0,1911.0,40.0,41.0,2,15.8,72.0,1.0,30.0,0.0,2000.0,62.5,37.5,0.0,0.0,2.5,1.0,30.0,40.0,107.4,100.0,0
128,23,44,37352.0,1,1,2,1,1,1,0,1,0,1,2,827.0,9.0,3,3,1911.0,40.0,42.0,2,14.5,74.0,1.0,25.0,8.0,2100.0,57.5,34.5,0.0,0.0,2.3,0.7,35.0,40.0,107.4,100.0,0
129,21,44,37352.0,1,1,2,1,1,1,0,1,0,1,2,827.0,9.0,3,3,1911.0,45.0,42.0,2,14.0,70.0,1.0,20.0,8.0,1850.0,57.5,34.5,0.0,0.0,2.0,0.7,35.0,40.0,107.4,100.0,0
127,18,44,37352.0,1,1,2,1,1,2,0,1,0,1,2,827.0,9.0,3,3,1911.0,50.0,45.0,8,15.0,76.0,1.0,30.0,8.0,2150.0,57.5,34.5,0.0,0.0,2.5,1.0,35.0,40.0,107.4,100.0,1
127,13,44,37352.0,1,1,2,1,1,2,0,1,0,1,2,827.0,2.0,3,3,1911.0,50.0,45.0,8,15.2,72.0,1.0,25.0,5.9,2150.0,58.8,35.3,0.0,0.0,2.5,1.0,35.0,40.0,107.4,100.0,1
129,311,65,37080.0,1,1,2,1,1,1,0,1,0,0,2,828.0,2.0,3,0,1911.0,35.0,42.0,2,15.0,75.0,0.75,30.0,0.0,2100.0,58.8,41.2,0.0,0.0,2.0,0.8,30.0,40.0,107.4,100.0,0
122,313,5,37157.0,1,1,2,1,1,1,0,1,0,0,2,828.0,2.0,3,0,1910.0,30.0,45.0,4,17.0,70.0,0.75,35.0,0.0,2200.0,58.8,41.2,0.0,0.0,2.5,1.0,33.0,40.0,106.45,100.0,0
130,164,44,37352.0,1,1,2,1,1,2,0,1,0,1,3,815.0,2.0,3,2,1911.0,37.5,44.0,2,16.0,90.0,0.75,28.0,20.0,2050.0,45.0,35.0,0.0,0.0,2.4,0.8,35.0,40.0,107.4,100.0,1
130,159,44,37352.0,1,1,2,1,1,2,0,1,0,1,3,815.0,9.0,3,2,1911.0,37.5,44.0,2,16.5,91.0,0.75,30.0,21.7,2050.0,43.5,34.8,0.0,0.0,2.7,0.8,35.0,40.0,107.4,100.0,1
130,273,61,25507.0,2,1,2,1,1,2,2,1,0,1,2,821.0,2.0,3,2,1911.0,45.0,44.0,6,14.1,78.0,0.625,22.0,7.6,1510.0,54.3,38.0,0.0,0.0,2.5,0.7,34.0,40.0,114.28,100.0,1
130,379,61,25507.0,2,1,2,1,1,2,2,1,0,1,2,821.0,7.0,3,2,1910.0,40.0,44.0,2,14.0,69.0,0.625,20.0,8.5,1510.0,53.2,38.3,2.0,0.0,2.5,0.9,34.0,40.0,110.0,100.0,1
131,246,66,37080.0,1,1,2,1,1,1,0,1,0,0,2,828.0,2.0,3,2,1911.0,40.0,47.0,9,17.0,78.0,0.75,35.0,0.0,2400.0,58.8,41.2,4.0,0.0,2.5,1.0,30.0,40.0,100.0,100.0,0
132,168,3,27490.0,1,1,2,1,1,1,0,1,0,1,1,813.0,1.0,1,2,1911.0,30.0,42.0,2,15.4,64.0,0.875,30.907563025210084,0.0,1425.0,63.0,37.0,0.0,0.0,1.0,1.3,34.0,40.0,107.4,100.0,1
136,214,59,35811.0,1,1,2,1,1,1,0,1,0,1,3,815.0,2.0,2,0,1910.0,45.0,38.0,2,15.0,80.0,0.625,30.0,7.0,1600.0,58.1,34.9,0.0,0.0,2.5,1.5,30.0,40.0,103.22,100.0,0
119,152,8,35334.0,2,1,2,1,1,2,2,1,0,1,3,816.0,2.0,3,2,1911.0,40.0,43.0,6,16.0,96.0,1.0,28.0,0.0,1500.0,58.8,41.2,2.0,0.0,3.0,0.8,40.0,40.0,103.12,100.0,1
134,157,8,35334.0,2,1,2,1,1,2,2,1,0,1,3,816.0,9.0,3,2,1911.0,32.5,43.0,2,15.0,82.0,1.0,31.0,7.6,1500.0,54.3,38.0,4.0,0.0,2.5,1.0,40.0,40.0,103.12,100.0,1
133,143,56,37869.0,1,1,2,1,1,2,0,1,0,1,3,815.0,9.0,1,2,1911.0,37.5,44.0,8,15.0,85.0,0.75,34.0,0.0,1400.0,62.5,37.5,0.0,0.0,2.8,1.0,28.0,40.0,103.12,100.0,1
133,141,56,37869.0,1,1,2,1,1,2,0,1,0,1,3,815.0,2.0,1,2,1910.0,35.0,44.0,8,16.0,80.0,1.0,32.0,7.0,1400.0,58.1,34.9,0.0,0.0,3.0,1.0,28.0,40.0,103.12,100.0,1
132,168,3,27490.0,1,1,2,1,1,1,0,1,0,1,1,813.0,1.0,1,2,1911.0,30.0,42.0,2,15.4,64.0,0.875,30.907563025210084,0.0,1425.0,61.7,38.3,0.0,0.0,1.0,1.3,34.0,40.0,107.4,100.0,1
135,312,55,35752.0,1,1,2,1,1,1,0,1,0,1,2,824.0,9.0,3,0,1910.0,50.0,43.0,2,16.0,82.0,0.875,30.0,0.0,2270.0,55.6,44.4,12.0,0.0,2.0,1.0,30.0,40.0,103.22,100.0,1
135,267,55,35752.0,1,1,2,1,1,1,0,1,0,1,2,824.0,2.0,3,0,1910.0,50.0,43.0,8,16.3,80.0,0.8125,30.0,0.0,2270.0,55.6,44.4,12.0,0.0,1.5,1.5,30.0,40.0,103.22,100.0,1
135,315,42,35794.0,1,1,2,1,1,2,0,1,0,1,2,827.0,2.0,3,2,1911.0,60.0,43.0,6,15.8,57.0,0.75,24.0,1.2,1480.0,58.1,40.7,0.0,0.0,1.4,1.7,33.0,40.0,103.12,100.0,1
135,274,42,35794.0,1,1,2,1,1,2,0,1,0,1,2,827.0,9.0,3,2,1911.0,52.5,43.0,4,16.6,58.0,0.75,20.0,7.9,1480.0,56.2,36.0,0.0,0.0,1.7,0.7,33.0,40.0,103.12,100.0,1
134,267,55,35752.0,1,1,2,1,1,1,0,1,0,1,2,824.0,2.0,3,2,1910.0,50.0,43.0,8,17.0,87.0,0.8125,35.0,0.0,2300.0,58.8,41.2,0.0,0.0,1.3,0.7,30.0,40.0,103.22,100.0,1
136,12,15,37441.0,1,1,2,1,1,1,0,1,0,1,2,821.0,2.0,3,0,1911.0,25.0,38.0,2,13.0,75.0,0.625,25.0,0.0,1600.0,57.5,42.5,0.0,0.0,2.5,0.85,30.0,40.0,103.12,100.0,1
136,16,15,37441.0,1,1,2,1,1,1,0,1,0,1,2,821.0,7.0,3,0,1911.0,25.0,38.0,4,14.0,70.0,0.625,25.0,0.0,1600.0,58.8,41.2,5.0,0.0,1.7,0.9,30.0,40.0,103.12,100.0,1
139,156,44,37354.0,1,1,2,1,1,2,2,1,0,1,3,816.0,9.0,3,3,1911.0,40.0,46.0,9,15.9,78.0,0.5,34.0,2.4,2000.0,61.0,36.6,0.0,0.0,2.4,1.3,35.0,40.0,103.22,100.0,1
140,344,7,35335.0,2,1,2,1,1,2,2,1,0,1,2,827.0,2.0,3,2,1911.0,45.0,41.0,9,17.0,78.0,0.75,16.0,14.1,1100.0,50.5,35.4,0.0,0.0,2.5,1.0,50.0,40.0,96.97,100.0,0
140,382,7,37335.0,2,1,2,1,1,2,2,1,0,1,2,827.0,2.0,3,2,1911.0,47.5,41.0,4,16.5,72.0,0.75,20.0,14.1,1300.0,50.5,35.4,4.0,0.0,2.5,1.0,50.0,40.0,96.97,100.0,0
138,263,60,35870.0,1,1,1,1,1,1,0,1,0,0,2,824.0,2.0,3,0,1910.0,40.0,46.0,2,15.0,68.0,0.75,28.0,0.0,1700.0,58.8,41.2,0.0,0.0,1.0,1.0,33.0,40.0,103.22,100.0,1
138,384,60,35870.0,1,1,1,1,1,1,0,1,0,0,2,824.0,9.0,3,0,1911.0,40.0,46.0,6,16.5,68.0,0.875,25.0,0.0,1700.0,58.8,41.2,0.0,0.0,1.0,1.0,33.0,40.0,103.125,100.0,1
137,204,59,35811.0,1,1,2,1,1,1,0,1,0,1,3,815.0,9.0,2,0,1911.0,40.0,35.0,4,18.0,85.0,0.625,30.0,0.0,2000.0,62.5,37.5,0.0,0.0,2.5,0.9,30.0,40.0,103.125,100.0,1
134,312,55,35752.0,1,1,2,1,1,1,0,1,0,1,2,824.0,9.0,3,0,1910.0,50.0,43.0,2,17.0,84.0,0.7243334970530452,35.0,0.0,2300.0,55.6,44.4,0.0,0.0,2.0,0.8,30.0,40.0,103.22,100.0,1
136,142,56,37869.0,1,1,2,1,1,2,0,1,0,1,0,802.0,7.0,1,2,1911.0,35.0,38.0,12,12.0,62.0,0.75,46.0,4.7,1400.0,58.8,36.5,0.0,0.0,2.0,1.0,28.0,40.0,103.125,100.0,1
136,144,56,37869.0,1,1,2,1,1,2,0,1,0,1,0,802.0,2.0,1,2,1911.0,35.0,38.0,13,16.0,70.0,0.75,50.0,0.0,1400.0,62.5,37.5,0.0,0.0,2.8,1.5,28.0,40.0,103.125,100.0,1
138,359,61,25509.0,2,1,2,1,1,2,2,1,0,1,2,821.0,7.0,3,2,1911.0,50.0,46.0,2,14.6,60.0,0.625,25.0,10.5,1750.0,52.6,36.8,2.0,0.0,2.4,0.8,28.0,40.0,96.97,100.0,0
145,11,44,37386.0,2,1,2,1,1,2,2,1,0,1,2,827.0,2.0,3,4,1910.0,40.0,47.0,9,24.5,78.0,0.875,30.0,8.8,2100.0,54.9,36.3,16.0,0.0,2.3,1.0,40.0,40.0,100.0,100.0,0
144,23,44,37386.0,2,1,2,1,1,2,2,1,0,0,2,827.0,9.0,3,4,1906.7816091954023,40.0,47.0,10,14.43,76.0,0.75,16.0,7.2,2000.0,51.5,41.2,1.0,0.0,2.7,1.4,40.0,40.0,100.0,100.0,0
142,17,44,37386.0,2,1,2,1,1,2,2,1,0,1,2,827.0,2.0,3,4,1910.0,40.0,39.0,4,15.0,77.0,0.75,20.0,9.4,2000.0,52.1,38.5,0.0,0.0,2.5,1.0,40.0,40.0,103.22,100.0,1
142,20,44,37386.0,2,1,2,1,1,2,2,1,0,1,2,827.0,9.0,3,4,1910.0,40.0,39.0,2,15.0,79.0,0.75,20.0,11.8,2000.0,49.0,39.2,0.0,0.0,2.5,1.0,40.0,40.0,103.22,100.0,1
149,22,44,37386.0,1,1,2,1,1,2,2,1,0,1,2,827.0,2.0,3,4,1911.0,45.1679012345679,43.0,6,14.2,68.0,0.75,18.0,0.0,2000.0,62.5,37.5,0.0,0.0,2.5,1.2,40.0,40.0,106.45,100.0,0
146,15,44,37386.0,1,1,2,1,1,2,2,1,0,1,2,827.0,2.0,3,4,1910.0,45.1679012345679,48.0,4,14.0,80.0,0.75,30.0,0.0,2000.0,62.5,37.5,0.0,0.0,2.40093808630394,0.987593984962406,40.0,40.0,109.67,100.0,0
151,22,44,27386.0,1,1,2,1,1,2,2,1,0,0,2,827.0,2.0,3,4,1911.0,45.1679012345679,40.0,6,16.4,72.0,1.0,26.0,0.0,2000.0,62.5,37.5,0.0,0.0,2.5,1.0,40.0,40.0,106.45,100.0,0
151,369,44,37386.0,2,1,2,1,1,2,2,1,0,1,2,824.0,9.0,3,4,1911.0,40.0,40.0,10,18.5,85.0,0.5625,30.0,0.0,1900.0,62.5,37.5,4.0,0.0,1.8,1.4,40.0,40.0,106.45,100.0,0
141,26,44,37254.0,1,1,2,1,1,2,0,1,0,1,2,821.0,7.0,3,2,1911.0,42.5,41.0,8,14.0,70.0,0.625,20.0,2.3,1750.0,57.5,40.0,4.0,0.0,2.5,0.7,35.0,40.0,96.97,100.0,1
143,306,24,35457.0,1,1,2,1,1,1,0,1,0,1,2,828.0,9.0,3,0,1910.0,35.0,39.0,2,16.2,84.0,1.0,30.0,0.0,2100.0,62.5,37.5,4.0,0.0,2.0,0.9,30.0,40.0,94.117,100.0,1
147,55,49,47202.0,1,1,2,1,1,1,2,1,0,1,1,813.0,9.0,1,2,1910.0,35.0,45.0,8,14.1,65.0,1.0,30.907563025210084,0.0,1500.0,59.5,40.5,0.0,0.0,2.6,1.0,40.0,40.0,109.67,100.0,1
148,233,49,47202.0,1,1,2,1,1,2,2,1,2,1,0,802.0,2.0,1,2,1910.0,50.0,43.0,9,14.02,68.0,0.75,56.0,7.4,1800.0,53.2,39.4,0.0,0.5,3.0,1.3,40.0,40.0,109.67,100.0,1
147,29,49,47202.0,1,1,2,1,1,2,2,1,0,1,3,816.0,2.0,1,2,1910.0,67.5,45.0,2,15.5,80.0,0.5,34.0,16.3,1683.0,43.5,40.2,6.0,0.0,2.5,1.0,40.0,40.0,109.67,100.0,1
150,339,5,37163.0,1,1,2,1,1,1,0,1,0,1,2,821.0,2.0,3,0,1910.0,55.0,37.0,6,16.0,75.0,0.625,20.0,5.6,1850.0,55.6,38.9,0.0,0.0,0.8,0.75,33.0,40.0,109.67,100.0,1
141,27,44,37354.0,1,1,2,1,1,2,0,1,0,1,2,821.0,2.0,3,2,1911.0,42.5,41.0,2,14.0,80.0,0.625,20.0,7.4,1750.0,53.2,39.4,0.0,0.0,2.1,0.9,35.0,40.0,96.97,100.0,1
147,75,49,47202.0,2,1,2,1,1,2,2,1,0,1,1,813.0,1.0,1,2,1910.0,52.5,45.0,2,15.3,72.0,0.75,30.907563025210084,12.4,1600.0,51.5,36.1,0.0,0.0,2.5,1.0,40.0,40.0,109.67,100.0,1
147,70,49,47202.0,1,1,2,1,1,1,2,1,0,1,1,813.0,10.0,1,2,1910.0,35.0,45.0,2,15.2,63.0,1.0,30.907563025210084,0.0,1500.0,59.5,40.5,0.0,0.0,2.3,0.9,40.0,40.0,109.67,100.0,1
147,79,49,47202.0,2,1,2,1,1,2,2,1,0,1,1,813.0,5.0,1,2,1910.0,52.5,45.0,4,16.0,68.0,0.75,30.907563025210084,0.0,1600.0,58.8,41.2,4.0,0.0,2.3,0.8,40.0,40.0,109.67,100.0,1
154,13,44,37355.0,1,1,2,1,1,2,0,1,0,1,3,816.0,9.0,3,2,1910.0,49.0,43.0,10,14.5,74.0,0.75,23.0,9.1,1900.0,56.8,34.1,2.0,0.0,0.7,0.2,35.0,40.0,103.22,100.0,0
152,79,49,47202.0,2,1,2,1,1,2,2,1,0,1,1,813.0,5.0,1,2,1910.0,52.5,37.0,4,14.0,73.0,0.75,30.907563025210084,9.6,1600.0,53.2,37.2,0.0,0.0,2.3,1.0,40.0,40.0,109.67,100.0,1
149,179,49,47202.0,2,1,2,1,1,2,2,1,0,1,1,813.0,9.0,1,2,1910.0,52.5,43.0,6,15.1,76.0,0.5,31.0,6.6,1650.0,54.9,38.5,0.0,0.0,2.5,1.5,40.0,40.0,109.67,100.0,1
153,282,44,37355.0,1,1,2,1,1,2,0,1,0,1,2,828.0,9.0,3,3,1910.0,40.0,44.0,2,16.1,78.0,0.9375,30.0,5.6,1800.0,55.6,38.9,0.0,0.0,2.0,1.0,35.0,40.0,103.22,100.0,1
152,75,49,47202.0,2,1,2,1,1,2,2,1,0,1,1,813.0,1.0,1,2,1906.7816091954023,52.5,37.0,2,15.0,66.0,0.75,30.907563025210084,13.3,1600.0,55.6,42.2,0.0,0.0,2.4,0.8,40.0,40.0,100.0,100.0,1
155,56,44,37355.0,1,1,2,1,1,2,0,1,0,1,2,827.0,2.0,3,2,1910.0,40.0,43.0,10,16.5,72.0,0.625,20.0,9.1,2000.0,56.8,34.1,4.0,0.0,2.5,0.5,35.0,40.0,103.22,100.0,1
155,83,44,37355.0,1,1,2,1,1,2,0,1,0,1,2,827.0,9.0,3,2,1910.0,40.0,43.0,10,16.1,70.0,0.625,20.0,11.1,2000.0,55.6,33.3,4.0,0.0,1.8,0.9,35.0,40.0,103.22,100.0,1
156,317,55,35753.0,1,1,2,1,1,1,0,1,0,1,2,824.0,9.0,3,0,1910.0,40.0,43.0,6,16.0,80.0,0.5625,30.0,5.6,1900.0,55.6,38.9,0.0,0.0,2.2,1.3,30.0,40.0,103.22,100.0,1
156,352,61,25513.0,2,1,2,1,1,2,2,1,0,1,2,821.0,7.0,3,2,1911.0,45.0,45.0,2,14.7,75.0,0.625,30.0,15.0,1734.0,50.0,35.0,2.0,0.0,1.5,0.6,34.0,40.0,103.22,100.0,0
158,95,41,38051.0,1,1,2,1,1,2,0,1,0,1,3,816.0,2.0,3,2,1906.7816091954023,60.0,49.0,9,14.9,77.0,0.75,27.0,0.0,1650.0,58.8,41.2,0.0,0.0,2.5,0.7,33.0,40.0,103.33,100.0,1
160,372,61,25514.0,2,1,2,1,1,2,2,1,0,0,2,821.0,7.0,3,2,1910.0,55.0,49.0,6,12.5,70.0,0.625,30.0,5.6,1750.0,55.6,38.9,0.0,0.0,2.5,0.9,34.0,40.0,106.66,100.0,0
157,280,61,25513.0,2,1,2,1,1,2,2,1,0,1,2,821.0,2.0,3,2,1911.0,45.0,45.0,2,15.1,75.0,0.625,20.0,15.0,1750.0,50.0,35.0,0.0,0.0,1.6,0.9,34.0,40.0,103.22,100.0,1
158,98,41,38051.0,1,1,2,1,1,2,0,1,0,1,3,816.0,9.0,3,2,1910.0,55.0,49.0,2,15.6,74.0,0.75,24.0,0.0,1650.0,58.8,41.2,0.0,0.0,2.5,1.7,33.0,40.0,103.33,100.0,1
159,324,44,37355.0,1,1,2,1,1,1,0,1,0,1,2,828.0,2.0,3,2,1911.0,40.0,49.0,4,15.3,74.0,1.0,34.0,0.0,2000.0,62.5,37.5,0.0,0.0,2.2,1.0,35.0,40.0,100.0,100.0,1
159,304,44,37355.0,1,1,2,1,1,1,0,1,0,1,2,828.0,9.0,3,2,1911.0,40.0,49.0,4,16.8,78.0,0.9375,30.0,0.0,2000.0,62.5,37.5,0.0,0.0,2.4,0.9,35.0,40.0,100.0,100.0,1
163,389,61,25515.0,2,1,2,1,1,2,2,1,0,1,2,821.0,7.0,3,2,1911.0,42.5,46.0,8,14.0,77.0,0.625,42.0,15.8,1850.0,49.5,34.6,8.0,0.0,1.5,0.8,34.0,40.0,100.0,100.0,0
164,391,65,37081.0,1,1,1,1,1,1,0,1,0,1,2,828.0,1.0,3,0,1911.0,35.0,44.0,2,15.5,100.0,0.875,30.0,0.0,2200.0,53.2,46.8,0.0,0.0,0.0,0.0,30.0,40.0,100.0,100.0,0
162,259,7,35534.0,2,1,2,1,1,2,2,1,0,0,2,827.0,2.0,3,2,1910.0,42.0,44.0,8,15.0,80.0,1.25,20.0,16.7,1300.0,49.0,34.3,0.0,0.0,2.5,0.2,40.0,40.0,110.0,100.0,1
162,386,7,35534.0,2,1,2,1,1,2,2,1,0,0,2,827.0,9.0,3,2,1910.0,45.0,44.0,8,15.5,75.0,1.25,20.0,14.1,1300.0,50.5,35.4,0.0,0.0,2.5,1.5,40.0,40.0,110.0,100.0,1
165,263,55,35754.0,1,1,2,1,1,1,0,1,0,1,2,824.0,2.0,3,0,1910.0,50.0,43.0,8,16.0,70.0,0.8125,30.0,3.4,2400.0,56.8,39.8,0.0,0.0,2.5,0.8,30.0,40.0,103.125,100.0,1
165,323,55,35754.0,1,1,2,1,1,1,0,1,0,1,2,824.0,9.0,3,0,1910.0,47.0,43.0,6,16.0,80.0,0.5625,30.0,9.1,2400.0,50.5,40.4,0.0,0.0,2.5,1.1,30.0,40.0,103.125,100.0,1
161,336,19,37572.0,1,1,2,1,1,1,0,1,0,1,2,824.0,2.0,3,0,1911.0,35.0,48.0,4,16.0,76.0,0.8125,30.0,8.9,1900.0,49.5,41.6,0.0,0.0,2.5,1.2,30.0,40.0,103.22,100.0,1
161,358,19,37572.0,1,1,2,1,1,1,0,1,0,1,2,824.0,9.0,3,0,1911.0,35.0,48.0,4,16.0,86.0,0.5625,30.0,16.1,1900.0,44.6,39.3,0.0,0.0,2.5,1.5,30.0,40.0,103.22,100.0,1
163,189,59,35814.0,1,1,2,1,1,2,0,1,0,1,2,827.0,2.0,2,0,1911.0,35.0,43.0,4,14.0,75.0,1.25,20.0,7.6,1823.359168241966,54.3,38.0,0.0,0.0,2.5,2.0,33.0,40.0,106.66,100.0,1
163,1,59,35814.0,1,1,2,1,1,2,0,1,0,1,2,827.0,9.0,2,0,1911.0,37.5,43.0,4,14.0,80.0,1.25,20.0,6.25,1823.359168241966,52.1,41.7,0.0,0.0,3.0,1.5,33.0,40.0,106.66,100.0,1
166,30,9,37822.0,1,1,2,1,1,2,0,1,0,1,1,813.0,1.0,1,2,1910.0,40.0,44.0,2,15.0,68.0,0.75,30.907563025210084,0.0,1750.0,58.8,41.2,0.0,0.0,2.7,0.7,35.0,40.0,103.125,100.0,1
166,218,9,37822.0,1,1,2,1,1,2,0,1,0,1,1,813.0,5.0,1,2,1910.0,40.0,44.0,4,15.5,68.0,0.75,30.907563025210084,5.6,1750.0,55.6,38.9,0.0,0.0,1.5,0.5,35.0,40.0,103.125,100.0,1
182,196,59,35816.0,1,1,2,1,1,1,0,1,0,1,2,827.0,2.0,2,0,1910.0,47.5,68.0,12,14.0,78.0,0.75,22.0,0.0,1900.0,62.5,37.5,0.0,0.0,2.1,1.7,33.0,40.0,103.125,100.0,0
176,112,24,35458.0,1,1,2,1,1,1,0,1,0,0,3,816.0,2.0,3,0,1910.0,40.0,60.0,4,15.0,78.0,1.0,28.0,0.0,2380.0,60.0,40.0,3.0,0.0,2.5,1.0,30.0,40.0,106.66,100.0,0
177,65,49,47203.0,2,1,2,1,1,1,0,1,0,0,1,813.0,9.0,1,2,1910.0,55.0,55.0,8,16.3,100.0,1.0,30.907563025210084,0.0,1650.0,58.8,41.2,0.0,0.0,2.40093808630394,0.987593984962406,40.0,40.0,106.66,100.0,0
177,198,59,35816.0,1,1,2,1,1,1,0,1,0,1,3,815.0,2.0,2,0,1910.0,40.0,55.0,13,15.5,92.0,0.75,22.0,9.6,1550.0,53.2,37.2,1.0,0.0,2.9,1.3,33.0,40.0,106.66,100.0,0
178,198,59,35816.0,1,1,2,1,1,1,0,1,0,1,3,815.0,2.0,2,0,1910.0,40.0,52.0,2,16.0,86.0,0.75,26.0,9.6,1975.0,53.2,37.2,1.0,0.0,2.9,1.3,33.0,40.0,100.0,100.0,0
178,300,30,23055.0,2,1,2,1,1,2,1,1,0,1,2,821.0,7.0,3,2,1910.0,42.5,52.0,12,13.9,76.0,0.625,25.0,0.0,1800.0,50.0,50.0,0.0,0.0,2.5,0.9,40.0,40.0,106.66,100.0,0
180,378,61,25520.0,2,1,2,1,1,2,2,1,0,1,2,821.0,7.0,3,0,1910.0,50.0,56.0,6,15.2,76.0,0.625,25.0,3.4,1760.0,56.8,39.8,2.0,0.0,2.5,0.8,34.0,40.0,103.125,100.0,0
181,355,61,25520.0,2,1,2,1,1,2,2,1,0,1,2,821.0,7.0,3,2,1910.0,45.0,57.0,6,14.0,76.0,0.75,20.0,3.4,1800.0,56.2,40.4,2.0,0.0,2.0,0.8,34.0,40.0,103.125,100.0,0
183,285,60,35982.0,1,1,1,1,1,1,0,1,0,0,2,824.0,2.0,3,0,1910.0,47.0,67.0,12,16.0,74.0,0.8125,38.0,0.0,1900.0,58.8,41.2,2.0,0.0,2.5,1.1,33.0,40.0,103.125,100.0,1
183,339,60,35872.0,1,1,1,1,1,1,0,1,0,1,2,824.0,9.0,3,0,1910.0,47.0,67.0,9,16.0,82.0,0.5625,30.0,1.5,1900.0,50.5,34.3,0.0,0.0,2.5,1.1,33.0,40.0,103.125,100.0,1
179,173,49,47203.0,2,1,2,1,1,2,2,1,0,1,1,813.0,5.0,1,2,1910.0,50.0,52.0,8,17.0,69.0,0.75,30.907563025210084,0.0,1700.0,58.8,41.2,0.0,0.0,2.2,0.9,40.0,40.0,106.66,100.0,1
180,237,49,47203.0,2,1,2,1,1,2,2,1,0,0,0,802.0,7.0,1,2,1910.0,50.0,55.0,4,13.34,74.0,0.625,30.907563025210084,4.8,1635.0,59.5,35.7,1.0,0.0,3.0,2.0,40.0,40.0,100.0,100.0,1
180,180,49,47203.0,2,1,2,1,1,2,2,1,0,0,0,802.0,2.0,1,2,1910.0,50.0,55.0,4,13.86,70.0,0.625,47.0,10.2,1635.0,51.0,38.8,0.0,0.0,3.0,1.0,40.0,40.0,100.0,100.0,1
179,14,49,47203.0,2,1,2,1,1,2,2,1,0,1,1,813.0,1.0,1,2,1910.0,50.0,52.0,6,15.6,71.0,0.75,30.907563025210084,20.6,1700.0,46.7,32.7,0.0,0.0,2.5,0.6,40.0,40.0,106.66,100.0,1
167,90,5,37168.0,1,1,2,1,1,1,0,1,0,1,3,815.0,2.0,3,0,1911.0,30.0,63.0,8,13.0,94.0,1.0,29.0,0.0,1800.0,56.2,43.8,0.0,0.0,2.5,1.0,30.0,40.0,110.0,100.0,0
168,91,64,37333.0,1,1,2,1,1,1,0,1,0,1,3,815.0,2.0,3,0,1911.0,50.0,60.0,6,13.6,86.0,1.125,28.0,0.0,1500.0,64.1,35.9,0.0,0.0,2.5,1.0,33.0,40.0,106.45,100.0,0
169,327,61,25517.0,2,1,2,1,1,2,2,1,0,0,2,821.0,7.0,3,2,1911.0,55.0,53.0,8,14.2,72.0,0.625,25.0,22.7,1750.0,45.5,31.8,1.0,0.0,2.4,0.9,34.0,40.0,103.125,100.0,0
173,125,64,37333.0,1,1,2,1,1,1,0,1,0,0,3,815.0,2.0,3,0,1910.0,35.0,56.0,8,15.3,80.0,0.75,20.0,0.0,1900.0,76.9,23.1,0.0,0.0,2.5,1.25,33.0,40.0,106.66,100.0,0
173,375,32,37994.0,2,1,2,1,1,2,2,1,0,0,2,821.0,7.0,3,2,1911.0,55.0,56.0,4,15.0,84.0,0.625,25.0,16.7,1850.0,52.1,31.3,4.0,0.0,2.0,0.6,34.0,40.0,103.125,100.0,0
171,366,61,25513.0,2,1,2,1,1,2,2,1,0,0,2,821.0,7.0,3,2,1910.0,55.0,49.0,2,15.0,78.0,0.625,20.0,17.1,1900.0,47.6,35.2,0.0,0.0,2.5,0.85,34.0,40.0,106.45,100.0,0
173,242,49,47203.0,2,1,2,1,1,2,2,1,0,1,0,802.0,2.0,1,2,1910.0,50.0,50.0,2,15.7,90.0,0.75,50.0,0.0,1420.0,62.5,37.5,0.0,0.0,3.0,1.35,40.0,40.0,106.45,100.0,1
173,37,49,47203.0,2,1,2,1,1,2,2,1,0,1,0,802.0,7.0,1,2,1910.0,50.0,50.0,2,15.5,74.0,0.75,58.0,4.8,1420.0,59.5,35.7,3.0,0.0,3.0,1.0,40.0,40.0,106.45,100.0,1
174,392,60,35871.0,1,1,1,1,1,1,0,1,0,1,2,824.0,9.0,3,0,1911.0,35.0,56.0,4,16.0,82.0,0.5625,28.0,5.6,2100.0,56.2,38.2,0.0,0.0,1.7,0.4,30.0,40.0,103.125,100.0,1
174,292,60,35871.0,1,1,1,1,1,1,0,1,0,1,2,824.0,2.0,3,0,1911.0,35.0,56.0,2,15.0,80.0,0.8125,40.0,8.6,2100.0,53.8,37.6,8.0,0.0,1.7,1.0,30.0,40.0,100.0,100.0,1
170,294,5,37169.0,1,1,2,1,1,1,0,1,0,1,2,824.0,2.0,3,0,1911.0,40.0,50.0,2,16.0,68.0,0.8125,30.0,0.0,2400.0,58.8,41.2,8.0,0.0,2.5,1.5,33.0,40.0,103.125,100.0,1
170,275,5,47169.0,1,1,2,1,1,1,0,1,0,1,2,824.0,9.0,3,0,1911.0,40.0,50.0,4,16.0,70.0,0.5625,30.0,0.0,2400.0,58.8,41.2,8.0,0.0,1.5,0.5,33.0,40.0,103.125,100.0,1
168,28,44,32360.0,1,1,2,1,1,2,0,1,0,1,2,827.0,2.0,3,2,1910.0,45.1679012345679,59.0,4,14.2,80.0,1.0,20.0,5.6,1823.359168241966,55.6,38.9,0.0,0.0,2.0,2.5,33.0,40.0,106.45,100.0,1
168,24,44,32360.0,1,1,2,1,1,2,0,1,0,1,2,827.0,9.0,3,2,1911.0,37.5,59.0,4,16.0,75.0,0.75,20.0,4.3,1823.359168241966,54.3,41.3,0.0,0.0,2.5,1.5,33.0,40.0,106.45,100.0,1
167,82,9,37822.0,1,1,2,1,1,2,0,1,0,1,3,816.0,9.0,1,2,1911.0,40.0,54.0,2,15.8,76.0,0.5,38.0,5.6,1736.0,55.6,38.9,0.0,0.0,2.5,1.5,35.0,40.0,103.125,100.0,1
167,71,9,37822.0,1,1,2,1,1,2,1,1,0,1,3,816.0,2.0,1,2,1911.0,40.0,54.0,2,15.4,78.0,0.5,34.0,5.7,1736.0,56.8,36.9,0.0,0.0,2.5,1.1,35.0,40.0,103.125,100.0,1
173,272,32,37994.0,2,1,2,1,1,2,2,1,0,0,2,821.0,2.0,3,2,1911.0,55.0,45.0,6,15.5,79.0,0.625,20.0,16.7,1850.0,54.3,34.3,4.0,0.0,2.5,1.0,34.0,40.0,100.0,100.0,1
175,264,61,25519.0,2,1,2,1,1,2,2,1,0,0,2,821.0,7.0,3,2,1910.0,52.0,64.0,12,15.5,82.0,0.625,30.0,0.0,1800.0,71.4,28.6,4.0,0.0,2.5,0.9,34.0,40.0,103.125,100.0,0
172,106,24,35458.0,1,1,2,1,1,1,0,1,0,0,3,816.0,9.0,3,0,1910.0,40.0,56.0,4,16.5,79.0,0.5,28.0,0.0,2300.0,60.2,39.8,0.0,0.0,2.5,1.5,30.0,40.0,106.45,100.0,0
190,262,24,35460.0,1,1,2,1,1,1,0,1,0,1,2,824.0,2.0,3,0,1910.0,45.0,54.0,9,15.5,76.0,0.8125,30.0,5.6,2250.0,55.6,38.9,2.0,0.0,2.5,1.3,30.0,40.0,106.45,100.0,1
189,379,44,37365.0,1,1,2,1,1,2,0,1,0,1,2,828.0,2.0,3,3,1910.0,47.5,68.0,12,16.0,80.0,0.75,30.0,0.0,2250.0,58.8,41.2,0.0,0.0,1.5,1.0,35.0,40.0,106.45,100.0,1
189,322,44,37365.0,1,1,2,1,1,2,0,1,0,1,2,828.0,9.0,3,3,1910.0,47.5,68.0,10,16.0,80.0,0.75,30.0,0.0,2250.0,52.1,47.9,0.0,0.0,1.5,0.75,35.0,40.0,106.45,100.0,1
190,260,24,35460.0,1,1,2,1,1,1,0,1,0,1,2,824.0,9.0,3,0,1910.0,45.0,54.0,11,15.5,74.0,0.5625,40.0,10.5,2250.0,52.6,36.8,2.0,0.0,2.5,1.8,30.0,40.0,106.45,100.0,1
188,19,44,37365.0,1,1,2,1,1,2,0,1,0,0,2,827.0,2.0,3,0,1911.0,37.5,70.0,9,14.9,64.0,0.75,28.0,3.4,1500.0,57.5,39.1,0.0,0.0,2.5,1.0,40.0,40.0,106.89,100.0,1
188,25,44,37365.0,1,1,2,1,1,2,0,1,0,1,2,827.0,9.0,3,0,1911.0,37.5,70.0,12,15.0,65.0,0.75,25.0,5.4,1500.0,54.3,40.2,0.0,0.0,2.3,0.9,40.0,40.0,106.66,100.0,1
186,337,64,37338.0,1,1,2,1,1,1,0,1,0,1,2,824.0,2.0,3,0,1911.0,47.5,60.0,12,14.5,74.0,0.8125,20.0,8.6,1600.0,53.8,37.6,0.0,0.0,2.0,1.5,35.0,40.0,110.0,100.0,1
184,278,55,37758.0,1,1,2,1,1,1,0,1,0,1,2,828.0,9.0,3,0,1910.0,40.0,62.0,8,16.0,84.0,0.9375,28.0,0.0,2200.0,58.8,41.2,4.0,0.0,2.5,0.6,30.0,40.0,106.45,100.0,1
184,311,55,35758.0,1,1,2,1,1,1,0,1,0,1,2,828.0,2.0,3,0,1910.0,40.0,62.0,6,16.0,84.0,0.9375,32.0,0.0,2200.0,58.8,41.2,4.0,0.0,1.4,1.0,30.0,40.0,106.45,100.0,1
175,106,24,35458.0,1,1,2,1,1,1,0,1,0,1,3,816.0,9.0,3,0,1910.0,40.0,64.0,2,15.5,85.0,1.0,26.0,0.0,2400.0,58.8,41.2,0.0,0.0,2.5,1.0,30.0,40.0,103.125,100.0,1
175,112,24,35458.0,1,1,2,1,1,1,0,1,0,1,3,816.0,2.0,3,0,1910.0,40.0,64.0,4,15.0,82.0,0.75,31.0,0.0,2400.0,60.0,40.0,3.0,0.0,2.5,1.0,30.0,40.0,106.66,100.0,1
187,173,49,47203.0,2,1,2,1,1,2,2,1,0,0,0,802.0,7.0,1,2,1910.0,50.0,69.0,11,17.0,82.0,0.75,50.0,0.0,1700.0,62.5,37.5,0.0,0.0,3.0,1.0,40.0,40.0,106.45,100.0,0
186,333,64,37338.0,1,1,2,1,1,1,0,1,0,0,2,824.0,9.0,3,0,1911.0,50.0,60.0,12,16.0,76.0,0.5625,28.0,5.6,1600.0,55.6,38.9,0.0,0.0,1.0,0.5,35.0,40.0,110.0,100.0,1
184,159,37,37915.0,1,1,2,1,1,1,0,1,0,1,3,815.0,2.0,3,2,1910.0,50.0,62.0,12,15.4,98.0,0.75,25.0,10.6,1750.0,48.1,41.3,0.0,0.0,2.8,1.3,33.0,40.0,110.0,100.0,1
184,162,37,37915.0,1,1,2,1,1,1,0,1,0,1,3,815.0,9.0,3,2,1911.0,50.0,62.0,12,14.9,96.0,0.75,26.0,11.0,1950.0,50.0,39.0,0.0,0.0,2.8,0.8,33.0,40.0,110.0,100.0,1
185,70,49,47203.0,2,1,2,1,1,2,2,1,0,1,1,813.0,1.0,1,2,1910.0,50.0,68.0,11,13.4,70.0,0.7243334970530452,30.907563025210084,20.4,1700.0,46.3,33.3,0.0,0.0,2.5,1.0,40.0,40.0,106.45,100.0,0
189,397,44,37305.0,1,1,2,1,1,2,0,1,0,1,3,815.0,9.0,3,3,1911.0,35.0,68.0,12,15.1,90.0,0.875,30.0,6.0,1500.0,59.5,34.5,1.0,0.0,2.5,1.0,35.0,40.0,106.89,100.0,0
193,89,64,37501.0,1,1,2,1,1,1,0,1,0,1,3,816.0,2.0,3,2,1910.0,45.1679012345679,56.0,8,16.02,84.0,0.25,30.0,5.3,2244.0,52.6,42.1,5.0,0.0,3.0,0.8,30.0,40.0,110.0,100.0,1
193,109,64,37501.0,1,1,2,1,1,1,0,1,0,1,3,816.0,9.0,3,2,1906.7816091954023,32.5,56.0,11,15.03,79.0,0.3125,28.0,5.3,2244.0,52.6,42.1,0.0,0.0,1.8,0.5,30.0,40.0,106.45,100.0,1
194,336,5,37177.0,1,1,2,1,1,1,0,1,0,1,2,828.0,2.0,3,0,1910.0,40.0,56.0,8,17.0,82.0,0.75,30.0,0.0,2550.0,52.6,47.4,0.0,0.0,2.0,1.0,33.0,40.0,103.22,100.0,1
194,387,64,37177.0,1,1,2,1,1,1,0,1,0,1,2,828.0,9.0,3,0,1910.0,30.0,56.0,7,17.0,72.0,0.75,30.0,0.0,2550.0,52.6,47.4,0.0,0.0,2.0,1.0,33.0,40.0,103.22,100.0,1
195,122,64,37501.0,1,1,2,1,1,1,0,1,0,1,3,815.0,2.0,3,0,1910.0,30.0,69.0,8,16.0,98.0,0.75,35.0,0.0,2050.0,62.5,37.5,0.0,0.0,2.75,1.0,33.0,40.0,100.0,100.0,1
195,279,55,35759.0,1,1,2,1,1,1,0,1,0,1,2,827.0,2.0,3,0,1910.0,45.0,69.0,6,15.6,72.0,0.75,21.0,5.6,2426.0,55.6,38.9,0.0,0.0,2.85,1.1,30.0,40.0,103.22,100.0,1
195,376,55,37579.0,1,1,2,1,1,1,0,1,0,1,2,827.0,9.0,3,0,1910.0,45.0,69.0,6,16.1,76.0,0.75,22.0,5.6,2426.0,55.6,38.9,0.0,0.0,2.7,0.7,30.0,40.0,103.22,100.0,1
195,120,64,37501.0,1,1,2,1,1,1,0,1,0,0,3,815.0,9.0,3,0,1910.0,32.5,69.0,2,15.5,94.0,0.75,30.0,0.5,2050.0,52.6,42.1,0.0,0.0,2.5,1.0,33.0,40.0,100.0,100.0,1
201,381,64,37502.0,1,1,2,1,1,1,0,1,0,0,2,824.0,2.0,3,0,1910.0,45.1679012345679,66.0,2,15.0,82.0,0.8125,30.0,7.0,1900.0,58.1,34.9,5.0,0.0,2.5,0.9,30.0,40.0,103.125,100.0,0
200,137,47,37938.0,2,1,2,1,1,2,2,1,0,0,3,816.0,9.0,1,2,1910.0,45.0,65.0,8,16.3,78.0,0.75,32.0,3.4,1700.0,56.8,39.8,4.0,0.0,2.5,1.0,34.0,40.0,106.45,100.0,0
199,202,58,35528.0,2,1,2,1,1,2,2,1,0,1,3,816.0,2.0,2,2,1910.0,40.0,68.0,8,14.0,88.0,0.75,32.0,0.0,1742.0,60.0,40.0,3.0,0.0,2.5,1.0,40.0,40.0,103.125,100.0,0
198,359,64,37199.0,1,1,2,1,1,2,0,1,0,1,2,824.0,9.0,3,0,1910.0,40.0,64.0,2,16.5,82.0,0.5625,30.0,2.3,1900.0,57.5,40.2,0.0,0.0,1.3,0.8,30.0,40.0,106.45,100.0,0
197,146,16,37003.0,2,1,2,1,1,2,1,1,0,1,3,815.0,2.0,1,2,1910.0,40.0,65.0,6,16.2,79.0,0.625,30.0,0.0,1500.0,62.5,37.5,4.0,0.0,2.5,1.0,38.0,40.0,106.45,100.0,0
196,222,33,37990.0,2,1,2,1,1,2,2,1,0,1,1,813.0,1.0,1,2,1910.0,50.0,66.0,4,16.0,87.0,1.0,30.907563025210084,11.1,1530.0,55.6,33.3,0.0,0.0,2.5,1.0,34.0,40.0,100.0,100.0,0
192,399,44,37365.0,1,1,2,1,1,2,0,1,0,1,3,815.0,9.0,3,2,1911.0,35.0,62.0,12,14.5,94.0,1.0,35.0,0.0,1900.0,63.3,36.7,0.0,0.0,2.5,1.0,35.0,40.0,106.89,100.0,0
192,303,24,35460.0,1,1,2,1,1,1,0,1,0,0,2,824.0,2.0,3,0,1910.0,40.0,62.0,2,16.0,80.0,0.8125,40.0,0.0,2250.0,62.5,37.5,0.0,0.0,2.5,0.7,30.0,40.0,110.0,100.0,0
191,3,44,37365.0,1,1,2,1,1,2,0,1,0,1,2,827.0,9.0,3,2,1910.0,42.5,58.0,12,15.0,76.0,1.0,20.0,5.4,2000.0,54.3,40.2,0.0,0.0,2.5,1.0,35.0,40.0,103.33,100.0,0
204,174,49,47204.0,2,1,2,1,1,1,0,1,0,1,1,813.0,9.0,1,2,1910.0,50.0,64.0,4,18.0,64.0,1.0,30.907563025210084,0.0,1300.0,62.5,37.5,0.0,0.0,3.0,1.0,40.0,40.0,106.45,100.0,0
204,50,49,47204.0,2,1,2,1,1,1,0,1,0,1,1,813.0,10.0,1,2,1910.0,50.0,64.0,2,16.0,86.0,0.75,30.907563025210084,0.0,1300.0,58.8,41.1,0.0,0.0,2.5,1.0,40.0,40.0,106.45,100.0,0
202,149,47,37938.0,2,1,2,1,1,2,2,1,0,1,3,816.0,2.0,1,0,1910.0,60.0,66.0,2,14.5,85.0,0.25,30.907563025210084,0.0,1823.359168241966,62.2,37.8,0.0,0.0,2.5,1.0,34.0,40.0,106.45,100.0,0
203,329,64,37505.0,1,1,2,1,1,1,0,1,0,0,2,824.0,9.0,3,0,1910.0,40.0,64.0,4,15.4,88.0,0.5625,24.0,4.4,1835.0,55.5,40.0,2.0,0.0,2.0,1.3,30.0,40.0,106.45,100.0,1
203,370,64,37505.0,1,1,2,1,1,1,0,1,0,0,2,824.0,2.0,3,0,1910.0,40.0,64.0,2,16.0,76.0,0.8125,23.0,4.8,1835.0,59.5,35.7,3.0,0.0,2.0,0.7,30.0,40.0,106.45,100.0,1
12,81,49,47103.0,2,1,2,1,1,2,2,1,0,1,3,816.0,9.0,1,2,1910.0,47.5,63.0,8,16.4,84.0,0.5,27.0,20.7,1800.0,41.3,38.0,5.0,0.0,2.6,0.3,40.0,33.0,96.7,100.0,0
9,47,49,47103.0,2,1,2,1,1,2,2,1,2,1,3,816.0,9.0,1,2,1910.0,50.0,50.0,8,14.5,84.0,0.25,24.0,20.7,1500.0,41.3,38.0,0.0,0.0,3.0,0.6,40.0,33.0,103.3,100.0,0
11,170,49,47103.0,2,1,2,1,1,2,2,1,0,1,1,813.0,1.0,1,2,1910.0,50.0,48.0,4,13.0,80.0,1.0,30.907563025210084,18.9,1700.0,47.2,34.0,0.0,0.0,2.7,0.6,40.0,33.0,100.0,100.0,0
14,135,6,34402.0,2,1,2,1,1,2,2,1,2,1,3,815.0,9.0,1,2,1911.0,52.0,54.0,15,16.0,82.0,0.875,22.0,15.8,900.0,49.5,34.7,0.0,0.0,2.5,1.0,50.0,40.0,96.7,100.0,0
2,190,59,34545.0,1,1,2,1,1,1,0,1,0,0,2,827.0,2.0,2,0,1910.0,40.0,41.0,4,14.0,79.0,0.75,20.0,0.0,1530.0,61.7,38.3,5.0,0.0,3.1,1.8,33.0,33.0,96.9,100.0,1
4,163,64,36053.0,1,1,2,1,1,1,0,1,0,1,3,815.0,9.0,3,0,1910.0,45.0,42.0,4,15.0,76.0,0.75,30.0,0.0,2220.0,58.8,41.2,0.0,0.0,2.5,1.0,30.0,35.0,100.0,100.0,1
4,156,64,36053.0,1,1,2,1,1,1,0,1,0,1,3,815.0,2.0,3,0,1910.0,45.0,42.0,4,16.0,84.0,0.625,28.0,0.0,2220.0,54.3,45.7,0.0,0.0,2.5,1.0,30.0,35.0,100.0,100.0,1
18,59,50,36859.0,2,1,2,1,1,2,2,1,0,1,0,802.0,7.0,1,2,1911.0,55.0,54.0,6,15.0,70.0,0.625,60.0,3.4,1600.0,56.8,39.8,0.0,0.0,1.0,0.4,45.0,40.0,103.3,100.0,1
18,72,50,36859.0,2,1,2,1,1,2,1,1,0,0,0,802.0,2.0,1,2,1911.0,57.5,54.0,6,15.5,80.0,0.625,55.0,0.0,1600.0,62.5,37.5,0.0,0.0,3.0,0.5,45.0,40.0,103.3,100.0,1
8,185,49,47103.0,1,1,2,1,1,1,0,1,0,1,1,813.0,9.0,1,2,1910.0,40.0,54.0,4,15.59,89.0,1.0,30.907563025210084,1.2,1700.0,58.1,40.7,0.0,0.0,2.5,0.6,40.0,33.0,103.3,100.0,1
1,102,24,34683.0,1,1,2,1,1,1,0,1,0,1,3,815.0,2.0,3,2,1910.0,40.0,38.0,8,16.0,92.0,0.625,25.0,1.1,1900.0,53.8,45.2,0.0,0.0,2.5,1.0,30.0,33.0,100.0,100.0,1
15,44,40,36648.0,1,1,2,1,1,2,0,1,0,1,3,815.0,1.0,1,0,1911.0,50.0,60.0,8,14.0,75.0,0.625,33.0,0.0,2000.0,65.2,34.8,0.0,0.0,0.0,0.0,35.0,40.0,96.9,100.0,0
5,104,11,34664.0,2,1,2,1,1,2,2,1,2,1,3,816.0,9.0,3,2,1910.0,45.0,49.0,2,16.0,72.0,0.375,38.0,15.0,1650.0,50.0,35.0,0.0,0.0,2.5,0.2,38.0,33.0,96.9,100.0,0
4,58,26,36858.0,2,1,2,1,1,2,2,1,0,1,1,813.0,5.0,1,2,1910.0,60.0,43.0,11,15.0,94.0,1.0,30.907563025210084,9.5,1500.0,52.6,37.9,0.0,4.0,2.5,1.0,40.0,35.0,100.0,100.0,0
1,290,61,25416.0,2,1,2,1,1,2,2,1,0,0,2,821.0,7.0,3,2,1911.0,47.5,41.0,9,18.0,74.0,0.5,30.0,17.7,1900.0,44.2,38.1,2.0,0.0,2.5,1.0,40.0,33.0,100.0,100.0,0
3,236,26,36858.0,2,1,2,1,1,2,2,1,0,1,0,802.0,2.0,1,2,1910.0,47.5,52.0,6,14.3,98.0,0.75,55.0,11.7,1600.0,53.2,35.1,0.0,0.0,3.0,1.0,40.0,33.0,100.0,100.0,0
18,212,59,34546.0,1,1,2,1,1,1,0,1,0,1,3,816.0,9.0,2,0,1911.0,37.5,54.0,8,14.5,80.0,1.0,20.0,10.9,2400.0,54.3,34.8,0.0,0.0,2.5,0.4,30.0,40.0,103.3,100.0,1
18,199,59,34546.0,1,1,2,1,1,1,0,1,0,1,3,816.0,2.0,2,0,1911.0,52.5,54.0,6,14.6,82.0,0.7243334970530452,32.0,10.5,2400.0,52.6,36.8,0.0,0.0,2.5,0.5,30.0,40.0,100.0,100.0,1
13,338,64,36054.0,1,1,2,1,1,1,0,1,0,1,2,827.0,2.0,3,0,1910.0,45.0,55.0,8,15.0,75.0,0.75,25.0,0.0,2300.0,59.8,40.2,0.0,0.0,2.0,2.3,30.0,33.0,96.6,100.0,1
6,194,59,34545.0,1,1,2,1,1,2,0,1,0,0,2,827.0,9.0,3,0,1910.0,40.0,48.0,8,15.0,82.0,1.0,35.0,0.0,1720.0,59.3,40.7,0.0,0.0,1.5,1.5,32.0,33.0,100.0,100.0,1
6,187,59,34545.0,1,1,2,1,1,2,0,1,0,0,2,827.0,2.0,3,0,1910.0,40.0,48.0,9,15.0,75.0,1.0,30.0,0.0,1720.0,61.7,38.3,0.0,0.0,2.5,3.0,33.0,33.0,103.2,100.0,1
7,230,49,47103.0,2,1,2,1,1,2,2,1,0,0,0,802.0,7.0,1,2,1910.0,50.0,52.0,2,14.0,80.0,0.75,60.0,4.4,1700.0,54.9,40.7,0.0,0.0,2.5,1.0,40.0,33.0,100.0,100.0,0
8,170,49,47103.0,2,1,2,1,1,2,2,1,0,1,1,813.0,1.0,1,2,1910.0,55.0,54.0,4,13.23,79.0,1.0,30.907563025210084,18.9,1700.0,47.2,34.0,0.0,0.0,2.0,0.6,40.0,33.0,100.0,100.0,1
8,243,49,47103.0,1,1,2,1,1,1,0,1,0,1,1,813.0,10.0,1,2,1910.0,40.0,54.0,6,14.42,87.0,1.0,30.907563025210084,4.5,1700.0,56.2,39.3,0.0,0.0,2.5,1.0,40.0,33.0,96.8,100.0,1
8,244,49,47103.0,2,1,2,1,1,2,2,1,0,1,0,802.0,2.0,1,2,1910.0,72.5,54.0,2,14.5,82.0,0.75,50.0,2.2,1900.0,56.7,41.6,0.0,0.0,3.0,0.9,40.0,33.0,100.0,100.0,1
8,178,49,47103.0,2,1,2,1,1,2,2,1,0,1,1,813.0,5.0,1,2,1910.0,47.5,54.0,2,16.08,69.0,1.0,30.907563025210084,3.3,1700.0,55.5,41.1,0.0,0.0,2.5,0.9,40.0,30.0,103.3,100.0,1
10,80,49,47103.0,2,1,2,1,1,2,2,1,0,1,3,816.0,2.0,1,2,1910.0,60.0,50.0,8,15.0,72.0,0.75,30.0,15.9,1700.0,44.2,39.8,1.0,0.0,3.0,0.5,40.0,33.0,100.0,100.0,0
13,364,60,34752.0,1,1,1,1,1,1,0,2,0,1,2,824.0,9.0,3,0,1910.0,50.0,48.0,9,15.8,70.0,0.7243334970530452,30.0,0.0,1900.0,58.8,41.2,5.0,0.0,2.5,1.2,30.0,33.0,100.0,100.0,1
13,351,60,34752.0,1,1,1,1,1,1,0,1,0,1,2,824.0,2.0,3,2,1910.0,50.0,48.0,4,15.5,68.0,0.8125,30.0,0.0,1900.0,57.4,42.6,10.0,0.0,1.5,1.0,30.0,33.0,100.0,100.0,1
8,181,39,36928.0,1,1,2,1,1,1,0,1,0,1,3,815.0,9.0,1,0,1910.0,40.0,54.0,4,15.0,80.0,0.75,28.0,0.0,1800.0,58.8,41.2,0.0,0.0,2.5,1.2,30.0,33.0,100.0,100.0,1
8,169,39,36928.0,1,1,2,1,1,1,0,1,0,1,3,815.0,2.0,1,0,1910.0,40.0,54.0,8,15.0,88.0,0.75,28.0,0.0,1800.0,58.8,41.2,0.0,0.0,2.5,1.2,30.0,33.0,100.0,100.0,1
18,271,61,25424.0,2,1,2,1,1,2,2,1,0,0,2,821.0,7.0,3,2,1911.0,40.0,54.0,9,14.1,80.0,0.7243334970530452,20.0,24.8,1850.0,41.3,33.9,3.0,0.0,2.5,0.8,40.0,40.0,103.3,100.0,1
17,79,51,36859.0,2,2,2,1,1,2,1,1,0,0,0,802.0,2.0,1,2,1906.7816091954023,50.0,65.0,2,17.0,100.0,0.625,52.0,5.6,1650.0,55.5,38.9,0.0,0.0,3.0,0.6,45.0,39.056390977443606,103.03279135338346,100.0,0
24,367,33,34093.0,2,1,2,1,1,2,1,1,0,0,2,821.0,7.0,3,2,1910.0,52.5,62.0,13,14.5,95.0,0.75,20.0,0.0,1950.0,58.8,41.2,0.0,0.0,2.0,1.0,38.0,35.0,100.0,100.0,0
16,73,50,36859.0,2,1,2,1,1,2,2,1,0,0,0,802.0,2.0,1,2,1910.0,50.0,56.0,2,14.3,105.0,0.75,70.0,0.0,1600.0,55.5,44.5,0.0,0.0,3.0,1.0,45.0,35.0,100.0,100.0,0
19,41,40,36649.0,1,1,2,1,1,1,0,1,0,1,1,813.0,6.0,1,3,1911.0,47.5,62.0,9,15.0,84.0,0.7243334970530452,30.907563025210084,5.6,1823.359168241966,56.2,38.2,0.0,0.0,2.5,1.0,35.0,40.0,96.7,100.0,1
19,87,40,36649.0,1,1,2,1,1,1,0,1,0,1,1,813.0,1.0,1,3,1911.0,47.5,62.0,2,15.0,80.0,0.7243334970530452,30.907563025210084,5.6,1823.359168241966,56.2,38.2,0.0,0.0,2.5,1.0,35.0,40.0,96.9,100.0,1
23,200,59,34547.0,1,1,2,1,1,1,0,1,0,1,3,815.0,9.0,2,0,1910.0,30.0,58.0,13,15.9,81.0,0.625,30.0,0.0,2150.0,62.5,37.5,10.0,0.0,2.5,1.0,30.0,35.0,90.0,100.0,1
23,206,59,34547.0,1,1,2,1,1,1,0,1,0,1,3,815.0,2.0,2,0,1910.0,30.0,58.0,9,16.3,78.0,0.625,30.0,0.0,2150.0,58.8,41.2,10.0,0.0,2.5,1.0,30.0,35.0,90.0,100.0,1
21,343,64,36894.0,1,1,2,1,1,1,0,1,0,1,2,824.0,2.0,3,0,1910.0,30.0,51.0,8,16.0,70.0,0.8125,20.0,0.0,2250.0,58.8,41.2,0.0,0.0,1.5,0.6,30.0,35.0,103.3,100.0,1
21,341,64,36894.0,1,1,2,1,1,1,0,2,0,1,2,824.0,9.0,3,0,1910.0,30.0,51.0,9,16.0,76.0,0.875,25.0,19.1,2250.0,42.7,38.2,3.0,0.0,1.2,0.5,30.0,35.0,103.3,100.0,1
23,390,64,36057.0,1,1,2,1,1,1,0,1,0,1,2,827.0,9.0,3,0,1910.0,30.0,58.0,14,15.0,98.0,0.75,30.0,0.0,2300.0,58.8,41.2,6.0,0.0,2.25,1.0,30.0,35.0,100.0,100.0,1
23,395,64,36057.0,1,1,2,1,1,1,0,1,0,1,2,827.0,2.0,3,0,1910.0,30.0,58.0,14,15.0,96.0,0.75,30.0,0.0,2300.0,58.8,41.2,6.0,0.0,3.0,0.75,30.0,35.0,100.0,100.0,1
18,96,17,36024.0,2,1,2,1,1,1,2,1,0,0,3,815.0,9.0,3,0,1910.0,52.5,54.0,13,16.3,90.0,0.75,38.0,0.0,1800.0,62.5,38.5,0.0,0.0,2.9,1.1,33.0,35.0,100.0,100.0,1
18,92,17,36024.0,2,1,2,1,1,1,2,1,0,0,3,815.0,2.0,3,0,1910.0,55.5,54.0,4,15.0,82.0,0.75,38.0,0.0,1800.0,58.8,41.2,0.0,0.0,2.0,1.0,33.0,35.0,100.0,100.0,1
18,365,61,25424.0,2,2,2,1,1,2,2,1,2,1,2,821.0,2.0,3,2,1906.7816091954023,40.0,54.0,2,14.6,85.0,0.7243334970530452,20.0,21.7,1850.0,43.5,34.8,0.0,0.0,2.5,0.8,40.0,39.056390977443606,103.03279135338346,100.0,1
22,9,22,34397.0,2,1,2,1,1,2,2,1,0,1,1,813.0,1.0,1,5,1910.0,50.0,53.0,8,16.0,65.0,0.75,30.907563025210084,15.8,1300.0,49.5,34.7,0.0,0.0,2.5,1.0,28.0,35.0,93.5,100.0,1
22,86,22,34397.0,2,1,2,1,1,2,2,1,0,1,1,813.0,6.0,1,5,1910.0,50.0,53.0,8,16.5,90.0,0.75,30.907563025210084,11.3,1300.0,51.5,37.1,0.0,0.0,2.5,0.7,28.0,35.0,100.0,100.0,1
26,128,28,36846.0,2,1,2,1,1,2,1,1,0,1,0,802.0,7.0,1,2,1910.0,50.0,59.0,11,13.0,92.0,0.625,49.0,0.0,1300.0,58.8,41.2,0.0,0.0,3.0,1.1,40.0,35.0,100.0,100.0,0
27,36,14,38025.0,2,1,2,1,1,2,2,1,0,0,3,815.0,9.0,1,2,1910.0,57.5,55.0,9,14.0,86.0,0.75,30.0,13.0,1700.0,50.0,37.0,0.0,0.0,2.9,0.9,34.0,35.0,100.0,100.0,1
27,223,14,38025.0,2,1,2,1,1,2,2,1,0,0,3,815.0,2.0,1,2,1910.0,55.0,55.0,8,13.0,86.0,0.75,28.0,13.7,1700.0,49.0,37.3,0.0,0.0,3.0,0.8,34.0,35.0,100.0,100.0,1
20,49,12,36874.0,1,2,2,1,1,1,0,1,0,1,3,815.0,9.0,1,0,1906.7816091954023,45.1679012345679,60.0,2,15.5,80.0,0.7243334970530452,30.0,13.0,1750.0,54.3,32.6,0.0,0.0,2.75,1.0,33.0,39.056390977443606,103.03279135338346,100.0,1
20,40,12,37874.0,1,2,2,1,1,1,0,1,0,1,3,815.0,2.0,1,0,1906.7816091954023,45.1679012345679,60.0,2,15.0,78.0,0.625,34.0,15.0,1750.0,50.0,35.0,0.0,0.0,2.5,1.0,33.0,39.056390977443606,103.03279135338346,100.0,1
27,85,16,36911.0,2,1,2,1,1,2,1,1,0,0,1,813.0,6.0,1,2,1910.0,50.0,59.0,12,15.0,90.0,0.75,30.907563025210084,0.0,1500.0,58.8,41.2,0.0,0.0,2.5,1.0,40.0,35.0,100.0,100.0,0
29,394,61,25427.0,2,1,2,1,1,2,2,1,0,0,2,821.0,7.0,3,2,1910.0,55.0,49.0,4,15.6,80.0,1.0,30.0,35.8,1950.0,41.7,22.5,1.0,0.0,2.7,1.0,40.0,37.0,100.0,100.0,0
28,168,52,34092.0,2,1,2,1,1,2,2,1,0,1,3,815.0,2.0,1,2,1910.0,65.0,49.0,9,13.5,82.0,0.625,30.0,0.0,1350.0,68.2,31.8,1.0,0.0,2.5,1.0,38.0,37.0,103.2,100.0,0
27,139,29,36846.0,1,1,2,1,1,2,2,1,0,0,0,802.0,2.0,1,2,1910.0,65.0,65.0,12,14.0,100.0,0.75,40.0,7.0,1200.0,58.1,34.9,0.0,0.0,2.5,1.0,40.0,35.0,100.0,100.0,0
28,262,64,36058.0,1,1,2,1,1,1,0,1,0,1,2,824.0,6.0,3,0,1911.0,50.0,58.0,8,16.0,78.53903345724908,0.875,24.0,0.0,2200.0,58.8,41.2,0.0,0.0,1.2,0.6,30.0,42.0,93.75,100.0,1
28,182,52,34092.0,2,1,2,1,1,2,2,1,0,0,3,815.0,9.0,1,2,1910.0,65.0,58.0,12,15.0,74.0,0.625,32.0,0.0,1800.0,57.5,42.5,1.0,0.0,2.5,1.0,38.0,37.0,103.2,100.0,0
28,308,64,36058.0,1,1,2,1,1,1,0,1,0,1,2,824.0,2.0,3,0,1911.0,50.0,58.0,9,15.5,75.0,0.8125,24.0,0.0,2200.0,58.8,41.2,0.0,0.0,1.5,0.6,30.0,42.0,100.0,100.0,1
30,160,67,34367.0,2,1,2,1,1,2,2,1,0,1,3,816.0,9.0,3,2,1911.0,62.5,47.0,1,17.0,75.0,0.75,30.0,14.3,1700.0,47.6,38.1,0.0,0.0,3.0,0.5,40.0,40.0,96.9,100.0,0
32,270,5,34583.0,1,1,2,1,1,1,0,1,0,1,2,827.0,9.0,3,0,1911.0,40.0,47.0,2,15.0,75.0,0.75,25.0,0.0,2100.0,61.1,38.9,0.0,0.0,2.4,1.1,33.0,40.0,96.9,100.0,1
31,276,61,25428.0,2,1,2,1,1,2,2,1,0,1,2,821.0,2.0,3,2,1911.0,45.0,47.0,2,14.0,80.0,0.75,20.0,18.0,1800.0,45.0,37.0,0.0,0.0,2.5,0.8,40.0,40.0,96.9,100.0,1
0,356,30,23040.0,2,2,2,1,1,2,2,1,0,0,2,821.0,7.0,3,2,1906.7816091954023,50.0,59.0,9,14.5,71.0,0.625,20.0,11.1,1650.0,55.5,33.3,0.0,0.0,2.5,1.0,40.0,39.056390977443606,103.03279135338346,100.0,0
33,231,47,36784.0,2,1,2,1,1,2,2,1,0,1,3,815.0,2.0,1,2,1910.0,60.0,58.0,9,15.1,93.0,1.0,25.0,0.0,1650.0,56.1,33.9,0.0,0.0,2.5,1.0,40.0,35.0,100.0,100.0,0
34,62,47,36784.0,2,1,2,1,1,2,2,1,0,0,3,815.0,2.0,1,2,1910.0,50.0,58.0,11,13.5,100.0,0.75,35.0,0.0,1750.0,55.5,44.5,3.0,0.0,2.7,0.5,40.0,35.0,100.0,100.0,0
35,8,49,47104.0,2,1,2,1,1,2,2,1,0,1,0,802.0,2.0,1,2,1910.0,40.0,56.0,8,16.5,80.0,0.7243334970530452,45.0,20.3,1400.0,44.2,35.5,0.0,0.0,3.0,0.6,40.0,35.0,100.0,100.0,1
35,172,49,47104.0,2,1,2,1,1,2,2,1,0,1,0,802.0,7.0,1,2,1911.0,30.0,56.0,13,16.0,70.0,0.7243334970530452,60.0,21.8,1400.0,45.4,32.8,0.0,0.0,3.0,0.9,40.0,40.0,96.8,100.0,1
35,229,47,36784.0,2,1,2,1,1,2,2,1,2,1,3,815.0,9.0,1,2,1910.0,37.5,56.0,8,14.0,82.0,0.625,28.0,0.0,1700.0,58.8,41.2,2.0,0.0,2.5,0.5,40.0,35.0,100.0,100.0,1
35,177,49,47104.0,2,1,2,1,1,2,2,1,2,1,1,813.0,5.0,1,2,1911.0,50.0,56.0,9,14.6,74.0,0.75,30.907563025210084,7.5,1400.0,53.8,38.7,0.0,4.0,2.4,0.8,40.0,40.0,96.8,100.0,1
35,66,49,47104.0,2,1,2,1,1,2,2,1,2,1,1,813.0,1.0,1,2,1911.0,57.5,56.0,15,13.8,73.0,0.75,30.907563025210084,4.4,1400.0,52.7,42.9,0.0,0.0,2.0,0.5,40.0,40.0,96.8,100.0,1
32,309,5,34583.0,1,1,2,1,1,1,0,1,0,1,2,827.0,2.0,3,0,1911.0,45.0,55.0,2,14.0,73.0,0.75,30.0,0.0,2100.0,61.1,38.9,0.0,0.0,2.5,0.8,33.0,40.0,96.8,100.0,0
35,322,37,34714.0,1,1,2,1,1,1,0,1,0,1,2,824.0,9.0,3,0,1911.0,30.0,56.0,2,14.7,87.0,0.875,20.0,0.0,2150.0,58.8,41.2,12.0,0.0,1.5,0.6,30.0,40.0,96.8,100.0,1
35,297,37,34714.0,1,1,2,1,1,1,0,1,0,1,2,824.0,2.0,3,0,1910.0,40.0,56.0,9,15.3,86.0,0.8125,32.0,0.0,2150.0,58.8,41.2,12.0,0.0,2.2,0.8,30.0,35.0,100.0,100.0,1
35,7,49,47104.0,2,1,2,1,1,1,0,1,0,1,1,813.0,10.0,1,2,1911.0,55.0,56.0,12,15.0,87.0,0.75,30.907563025210084,0.0,1250.0,62.5,37.5,0.0,0.0,2.5,1.0,40.0,40.0,96.8,100.0,1
35,232,49,47104.0,2,1,2,1,1,1,0,1,0,1,1,813.0,9.0,1,2,1911.0,55.0,56.0,12,15.0,93.0,0.75,30.907563025210084,0.0,1250.0,62.5,37.5,0.0,0.0,2.5,1.0,40.0,40.0,96.8,100.0,1
39,245,54,36644.0,2,1,2,1,1,2,2,1,2,0,3,816.0,2.0,1,2,1911.0,60.0,56.0,8,16.0,87.0,0.625,26.0,10.5,1450.0,50.5,39.0,3.0,0.0,3.0,1.3,40.0,40.0,93.75,100.0,0
40,49,54,36644.0,2,1,2,1,1,2,2,1,0,0,0,802.0,2.0,1,2,1910.0,60.0,53.0,8,18.0,103.0,0.625,50.0,22.1,1600.0,41.0,36.9,0.0,0.0,3.0,0.7,40.0,35.0,105.2,100.0,1
39,51,54,36644.0,2,1,2,1,1,2,2,1,0,0,0,802.0,7.0,1,2,1910.0,57.5,53.0,11,14.5,70.0,0.625,58.0,20.2,1600.0,42.0,37.8,3.0,0.0,3.0,1.0,40.0,35.0,105.2,100.0,1
38,52,62,35683.0,2,1,2,1,1,2,2,1,0,0,0,802.0,7.0,1,2,1911.0,62.5,61.0,8,14.0,85.0,0.75,50.0,3.5,1660.0,56.8,39.7,2.0,0.0,3.0,1.0,32.0,40.0,93.75,100.0,1
38,54,62,35683.0,2,1,2,1,1,2,2,1,0,0,0,802.0,2.0,1,2,1910.0,65.0,61.0,11,14.8,80.0,0.375,45.0,19.5,1660.0,42.4,38.1,0.0,0.0,3.0,1.0,32.0,35.0,105.2,100.0,1
38,296,25,34685.0,1,1,2,1,1,1,0,1,0,1,2,828.0,2.0,3,0,1911.0,50.0,61.0,6,14.2,88.0,1.0,29.0,0.0,2350.0,52.6,47.4,1.3193581780538302,0.0,2.5,1.1,30.0,40.0,93.75,100.0,1
38,356,25,34685.0,1,1,2,1,1,1,0,1,0,1,2,828.0,10.0,3,0,1910.0,50.0,61.0,9,13.0,72.0,1.0,41.0,0.0,2350.0,58.8,41.2,1.3193581780538302,0.0,2.0,1.0,30.0,35.0,105.2,100.0,1
38,325,55,34894.0,1,1,2,1,1,1,0,1,0,0,2,821.0,2.0,3,0,1910.0,45.0,61.0,12,14.0,78.0,0.75,20.0,25.6,2100.0,42.7,31.7,0.0,0.0,2.5,0.8,30.0,35.0,105.2,100.0,1
38,301,55,34894.0,1,1,2,1,1,1,0,1,0,1,2,821.0,7.0,3,0,1910.0,50.0,61.0,9,13.1,70.0,0.75,25.0,21.7,2100.0,41.7,36.6,5.0,0.0,2.5,0.8,30.0,35.0,105.2,100.0,1
25,195,59,34547.0,1,1,2,1,1,1,0,1,0,1,2,827.0,2.0,2,0,1910.0,32.5,54.0,6,15.5,78.0,1.0,25.0,0.0,1900.0,58.8,41.2,10.0,0.0,2.5,0.5,30.0,35.0,93.3,100.0,1
25,188,59,34547.0,1,1,2,1,1,1,0,1,0,1,2,827.0,9.0,2,0,1910.0,32.5,54.0,15,15.5,78.0,1.0,25.0,0.0,1900.0,58.8,41.2,10.0,0.0,1.4,0.8,30.0,35.0,103.2,100.0,1
37,357,64,36066.0,1,1,2,1,1,1,0,1,0,1,2,827.0,9.0,3,0,1911.0,40.0,54.0,2,15.0,72.0,0.75,35.0,0.0,2500.0,58.5,41.5,0.0,0.0,2.1,1.1,30.0,40.0,100.0,100.0,1
37,383,64,36066.0,1,1,2,1,1,1,0,1,0,1,2,827.0,2.0,3,0,1911.0,40.0,54.0,11,15.0,78.0,0.75,20.0,0.0,2500.0,61.1,38.9,0.0,0.0,2.5,0.7,30.0,40.0,100.0,100.0,1
36,346,64,36066.0,1,1,2,1,1,1,0,1,0,1,2,824.0,9.0,3,0,1910.0,45.0,54.0,2,15.0,80.0,0.8125,20.0,0.0,2000.0,58.8,41.2,0.0,0.0,1.5,0.6,33.0,35.0,111.1,100.0,1
45,155,63,34493.0,1,1,2,1,1,1,2,1,0,0,3,816.0,9.0,3,2,1910.0,45.1679012345679,51.0,1,16.0,75.0,0.5,30.0,0.0,1800.0,58.8,41.2,0.0,0.0,2.1,1.0,30.0,35.0,100.0,100.0,0
41,277,55,34896.0,1,1,2,1,1,1,0,1,0,1,2,828.0,2.0,3,2,1910.0,40.0,54.0,12,15.2,88.0,0.875,30.907563025210084,5.9,2300.0,49.5,44.6,8.0,0.0,2.5,1.0,33.0,35.0,111.1,100.0,1
41,307,55,34896.0,1,1,2,1,1,1,0,1,0,1,2,828.0,9.0,3,2,1910.0,40.0,54.0,9,14.7,90.0,0.875,30.907563025210084,0.0,2300.0,52.6,47.4,4.0,0.0,3.0,1.1,33.0,35.0,111.1,100.0,1
41,34,22,23050.0,2,1,2,1,1,2,2,1,0,1,3,816.0,2.0,1,2,1910.0,57.5,54.0,11,16.2,79.0,0.5,23.0,19.0,1500.0,47.6,33.4,5.0,0.0,3.0,1.0,32.0,35.0,93.3,100.0,1
40,84,54,36644.0,2,1,2,1,1,2,2,1,0,0,0,802.0,2.0,1,2,1910.0,60.0,53.0,9,16.5,88.0,0.75,55.0,22.1,1550.0,41.0,36.9,0.0,0.0,3.0,0.8,40.0,35.0,105.1,100.0,1
41,64,22,23050.0,2,1,2,1,1,2,2,1,0,1,3,816.0,9.0,1,2,1910.0,55.0,54.0,8,15.8,79.0,0.5,30.0,12.4,1500.0,51.5,36.1,0.0,0.0,3.0,0.5,32.0,35.0,93.3,100.0,1
40,62,54,36644.0,2,1,2,1,1,2,2,1,0,0,0,802.0,7.0,1,2,1910.0,60.0,53.0,8,14.7,70.0,0.75,50.0,20.2,1550.0,42.0,37.8,3.0,0.0,3.0,1.0,40.0,35.0,111.1,100.0,1
42,150,64,36882.0,1,1,2,1,1,1,0,1,0,1,3,816.0,2.0,3,0,1910.0,45.0,53.0,8,15.2,78.0,1.0,30.907563025210084,13.3,2150.0,51.0,35.7,2.0,0.0,2.5,1.1,30.0,35.0,111.1,100.0,1
49,154,64,36882.0,1,1,2,1,1,1,0,1,0,1,3,816.0,9.0,3,0,1910.0,35.0,53.0,6,14.7,80.0,1.0,30.907563025210084,5.5,2150.0,55.6,38.9,0.0,0.0,2.5,0.4,30.0,35.0,111.1,100.0,1
43,161,63,34483.0,1,1,2,1,1,1,2,1,0,1,3,816.0,2.0,3,2,1910.0,35.0,55.0,15,15.0,70.0,0.5,32.0,0.0,1950.0,58.8,41.2,0.0,0.0,2.5,1.3,30.0,35.0,100.0,100.0,0
44,161,63,34493.0,1,1,2,1,1,1,0,1,0,0,3,816.0,2.0,3,2,1910.0,35.0,55.0,4,15.0,70.0,0.5,35.0,0.0,2000.0,58.8,41.2,0.0,0.0,2.5,1.5,30.0,35.0,100.0,100.0,0
49,155,63,34493.0,1,1,2,1,1,1,2,1,0,0,3,816.0,9.0,3,2,1910.0,45.1679012345679,54.0,9,17.0,94.0,0.25,26.0,0.0,1900.0,56.8,43.2,0.0,0.0,2.5,0.9,30.0,35.0,100.0,100.0,1
49,158,63,34493.0,1,1,2,1,1,1,2,1,0,0,3,816.0,2.0,3,2,1911.0,45.1679012345679,54.0,2,14.0,80.0,0.3125,34.0,3.4,1900.0,56.8,39.8,0.0,0.0,2.5,1.3,30.0,40.0,106.7,100.0,1
46,318,5,34585.0,1,1,2,1,1,1,0,1,0,1,2,828.0,2.0,3,0,1910.0,30.0,50.0,2,15.6,84.0,1.0,30.907563025210084,0.0,2400.0,58.8,41.2,4.0,0.0,2.5,0.9,33.0,35.0,96.8,100.0,1
46,360,5,34585.0,1,1,2,1,1,1,0,1,0,1,2,828.0,9.0,3,0,1910.0,30.0,50.0,9,15.8,92.0,1.0,30.907563025210084,0.0,2400.0,58.5,41.2,2.0,0.0,3.0,1.4,33.0,35.0,96.8,100.0,1
48,253,58,36776.0,2,1,2,1,1,2,2,1,2,1,0,802.0,7.0,1,2,1910.0,45.0,50.0,2,14.5,70.0,0.75,42.0,5.3,1700.0,52.6,42.1,0.0,0.0,3.0,0.8,40.0,45.0,100.0,100.0,1
48,252,58,36776.0,2,1,2,1,1,2,2,1,2,1,0,802.0,2.0,2,2,1910.0,40.0,50.0,6,13.5,75.0,0.75,45.0,0.0,1700.0,58.8,41.2,0.0,0.0,3.0,0.6,40.0,35.0,100.0,100.0,1
47,323,61,25433.0,2,1,2,1,1,2,2,1,0,1,2,821.0,7.0,3,2,1910.0,50.0,50.0,2,16.2,75.0,0.75,25.0,3.3,1850.0,54.9,41.8,2.0,0.0,2.7,0.9,40.0,35.0,100.0,100.0,1
51,78,23,38016.0,2,1,2,1,1,2,2,1,0,0,0,802.0,7.0,1,5,1910.0,45.0,54.0,9,14.8,70.0,0.75,50.0,13.0,1420.0,54.3,32.6,0.0,0.0,3.0,0.9,28.0,35.0,106.9,100.0,1
51,166,23,38016.0,2,1,2,1,1,2,2,1,0,0,0,802.0,2.0,1,5,1910.0,45.0,54.0,4,14.3,67.0,0.75,45.0,12.3,1420.0,51.5,36.1,0.0,0.0,3.0,0.6,28.0,35.0,106.9,100.0,1
50,199,59,34549.0,1,1,2,1,1,1,0,1,0,0,3,815.0,2.0,2,0,1911.0,45.0,54.0,6,14.0,90.0,0.75,30.0,0.0,2000.0,58.8,41.2,0.0,0.0,3.0,1.0,33.0,40.0,103.3,100.0,1
50,347,48,34175.0,1,1,2,1,1,1,0,1,0,0,2,821.0,7.0,3,2,1910.0,30.0,54.0,4,15.8,68.0,0.75,25.0,6.4,2000.0,53.2,40.4,4.0,0.0,2.3,0.8,35.0,35.0,106.9,100.0,1
51,320,63,34493.0,1,1,2,1,1,1,0,1,0,1,2,824.0,9.0,3,2,1910.0,30.0,54.0,15,13.6,70.0,0.8125,30.0,0.0,2000.0,58.8,41.2,0.0,0.0,2.3,0.9,30.0,35.0,100.0,100.0,1
50,310,48,34175.0,1,1,2,1,1,1,0,1,0,1,2,821.0,2.0,3,2,1910.0,30.0,54.0,9,16.8,71.0,0.75,25.0,18.0,2000.0,45.0,36.9,0.0,0.0,2.5,0.9,35.0,35.0,106.9,100.0,1
51,283,63,34493.0,1,1,2,1,1,1,0,1,0,1,2,824.0,2.0,3,2,1910.0,30.0,54.0,1,14.6,70.0,0.8125,30.0,0.0,2000.0,58.8,41.2,0.0,0.0,1.5,0.6,30.0,35.0,106.9,100.0,1
52,203,59,34549.0,1,1,2,1,1,1,0,1,0,1,3,816.0,9.0,2,0,1910.0,45.0,54.0,1,18.0,90.0,0.5,26.0,8.3,1875.0,52.1,39.6,0.0,0.0,3.0,1.0,33.0,35.0,106.9,100.0,1
50,204,59,34549.0,1,1,2,1,1,1,0,1,0,1,3,815.0,9.0,2,0,1910.0,45.0,54.0,11,15.0,100.0,0.75,33.0,2.3,2000.0,56.8,40.9,0.0,0.0,2.75,0.9,33.0,35.0,106.9,100.0,1
54,45,23,38016.0,2,1,2,1,1,2,2,1,0,1,1,813.0,1.0,1,2,1910.0,45.0,56.0,8,15.5,78.0,0.75,30.907563025210084,11.1,1350.0,55.5,33.3,0.0,0.0,2.2,0.9,28.0,35.0,100.0,100.0,1
54,63,23,38016.0,2,1,2,1,1,2,2,1,0,1,1,813.0,5.0,1,2,1911.0,45.0,56.0,4,16.0,64.0,0.75,30.907563025210084,11.1,1350.0,55.5,33.3,0.0,0.0,2.5,0.5,28.0,40.0,103.3,100.0,1
53,393,45,34154.0,2,1,2,1,1,2,2,1,0,0,2,828.0,2.0,3,2,1910.0,45.0,56.0,9,14.9,85.0,1.0,30.0,17.3,1600.0,48.1,34.6,0.0,0.0,2.8,1.0,40.0,35.0,100.0,100.0,1
53,269,45,34154.0,2,1,2,1,1,2,2,1,0,0,2,828.0,10.0,3,0,1910.0,30.0,56.0,11,14.7,83.0,1.0,30.0,10.8,1600.0,53.8,35.5,0.0,6.0,2.6,1.2,40.0,35.0,100.0,100.0,1
55,332,5,34585.0,1,1,2,1,1,1,0,1,0,1,2,828.0,2.0,3,0,1910.0,57.5,57.0,11,15.3,84.0,1.0,30.0,19.0,2400.0,47.6,33.3,0.0,0.0,3.0,1.0,33.0,40.0,93.75,100.0,1
55,267,5,34585.0,1,1,2,1,1,1,0,1,0,1,2,828.0,10.0,3,0,1910.0,57.5,57.0,2,14.2,78.0,1.0,30.0,10.5,2400.0,52.6,36.8,0.0,0.0,2.5,1.0,33.0,40.0,93.75,100.0,1
59,226,27,38061.0,2,1,2,1,1,2,2,1,2,1,3,815.0,1.0,2,2,1911.0,47.5,49.0,11,15.0,84.0,0.75,28.0,2.2,1600.0,54.3,43.5,0.0,0.0,3.0,0.9,34.0,30.0,108.1,100.0,0
60,287,61,25437.0,2,1,2,1,1,2,2,1,0,0,2,821.0,7.0,3,2,1911.0,57.5,51.0,9,15.2,70.0,0.625,25.0,11.1,1850.0,50.5,38.4,3.0,0.0,2.5,0.8,34.0,30.0,100.0,100.0,1
60,271,61,25437.0,2,1,2,1,1,2,2,1,0,0,2,821.0,2.0,3,2,1911.0,57.5,51.0,6,15.6,81.0,0.75,25.0,9.8,1850.0,49.0,41.2,0.0,0.0,2.7,0.6,34.0,30.0,100.0,100.0,1
58,353,5,38013.0,1,1,2,1,1,2,0,1,0,1,2,824.0,2.0,3,2,1910.0,40.0,55.0,16,15.4,80.0,0.8125,30.0,10.2,2400.0,51.0,38.8,0.0,0.0,1.7,0.7,30.0,45.0,93.75,100.0,1
58,346,5,38013.0,1,1,2,1,1,2,0,1,0,1,2,824.0,9.0,3,2,1910.0,45.0,55.0,8,16.1,82.0,0.75,30.0,0.0,2400.0,58.8,41.2,0.0,0.0,2.0,0.8,30.0,45.0,93.75,100.0,1
57,42,20,34399.0,2,1,2,1,1,2,2,1,0,1,1,813.0,1.0,1,2,1911.0,40.0,54.0,8,15.0,70.0,0.7243334970530452,30.907563025210084,10.0,1823.359168241966,50.0,40.0,0.0,0.0,2.5,0.8,60.0,30.0,100.0,100.0,1
57,168,20,34399.0,2,1,2,1,1,2,2,1,0,1,1,813.0,5.0,1,2,1910.0,42.5,54.0,8,15.0,70.0,0.7243334970530452,30.907563025210084,13.4,1500.0,48.1,38.5,2.0,0.0,2.5,1.0,60.0,45.0,93.75,100.0,1
56,141,6,34066.0,2,1,2,1,1,2,2,1,0,0,0,802.0,7.0,1,0,1910.0,52.5,55.0,9,14.0,70.0,0.625,55.0,7.9,1600.0,57.5,34.44,4.0,0.0,3.0,0.8,40.0,45.0,93.75,100.0,1
56,138,6,34066.0,2,1,2,1,1,2,2,1,0,1,0,802.0,2.0,1,0,1910.0,52.5,55.0,13,14.0,80.0,0.7243334970530452,55.0,9.9,1600.0,49.5,40.6,0.0,0.0,3.0,0.5,40.0,45.0,93.75,100.0,1
66,215,59,34551.0,1,1,2,1,1,1,0,1,0,1,3,815.0,1.0,2,0,1910.0,35.0,72.0,11,15.2,72.0,1.0,36.0,0.0,2200.0,65.2,34.8,0.0,0.0,2.5,1.0,30.0,40.0,93.6,90.0,0
66,215,59,34551.0,1,1,2,1,1,1,0,1,0,0,3,815.0,1.0,2,0,1910.0,35.0,56.0,6,15.0,70.0,1.0,33.0,0.0,2350.0,65.2,34.8,0.0,0.0,2.5,1.0,30.0,40.0,93.75,90.0,0
65,118,19,34749.0,1,2,2,1,1,1,0,1,0,0,3,816.0,2.0,3,0,1906.7816091954023,45.1679012345679,46.0,2,16.0,72.0,0.5,32.0,0.0,1673.0,58.8,41.2,0.0,0.0,2.5,1.5,30.0,39.056390977443606,103.03279135338346,99.59888059701493,0
63,216,59,34551.0,1,1,2,1,1,1,0,1,0,0,3,815.0,1.0,2,0,1910.0,40.0,60.0,2,15.5,73.0,0.75,28.0,0.0,1850.0,65.2,34.8,0.0,0.0,2.8,1.0,30.0,40.0,100.0,90.0,0
61,33,49,47103.0,2,1,2,1,1,2,2,1,0,0,0,802.0,7.0,1,2,1911.0,60.0,50.0,4,14.5,70.0,0.75,45.0,15.6,1650.0,45.8,38.5,2.0,0.0,2.5,1.0,40.0,40.0,100.0,100.0,1
61,38,49,47105.0,2,1,2,1,1,2,2,1,0,0,3,816.0,2.0,1,2,1910.0,60.0,50.0,6,14.9,88.0,0.375,32.0,10.3,1700.0,51.5,38.1,5.0,0.0,3.0,1.3,40.0,40.0,103.3,100.0,1
61,60,49,47103.0,2,1,2,1,1,2,2,1,0,0,0,802.0,2.0,1,2,1910.0,60.0,50.0,8,14.5,60.0,0.75,40.0,19.0,1650.0,47.6,33.3,0.0,0.0,2.5,1.0,40.0,40.0,103.3,100.0,1
61,81,49,47105.0,2,1,2,2,1,2,2,1,0,0,3,816.0,9.0,1,2,1910.0,65.0,50.0,6,15.0,86.0,0.25,28.0,10.5,1700.0,52.6,36.8,2.0,0.0,2.5,0.6,40.0,40.0,103.3,100.0,1
62,165,49,47105.0,2,1,2,1,1,2,2,1,0,1,1,813.0,5.0,1,2,1911.0,55.0,47.0,11,13.0,70.0,0.7243334970530452,30.907563025210084,14.1,1600.0,50.5,35.3,0.0,0.0,2.5,0.5,40.0,35.0,106.25,100.0,1
62,171,49,47105.0,2,1,2,1,1,2,2,1,0,1,1,813.0,1.0,1,2,1911.0,65.0,47.0,11,12.0,68.0,0.7243334970530452,30.907563025210084,0.0,1600.0,58.8,41.2,0.0,0.0,2.8,0.8,40.0,35.0,106.25,100.0,1
62,234,49,47105.0,2,1,2,1,1,1,0,1,0,1,1,813.0,10.0,1,2,1911.0,55.0,47.0,4,15.5,74.0,0.7243334970530452,30.907563025210084,0.0,1600.0,62.5,37.5,0.0,0.0,2.5,1.0,40.0,35.0,106.25,100.0,1
62,238,49,47105.0,2,1,2,1,1,1,0,1,0,1,1,813.0,9.0,1,2,1910.0,55.0,47.0,2,14.0,71.0,0.7243334970530452,30.907563025210084,0.0,1600.0,62.5,37.5,0.0,0.0,2.5,0.7,40.0,40.0,90.3,100.0,1
64,81,49,47105.0,2,1,2,1,1,2,2,1,0,1,3,816.0,9.0,1,2,1910.0,65.0,60.0,6,14.5,80.0,0.25,38.0,15.8,1900.0,49.5,34.6,0.0,0.0,2.9,0.7,40.0,40.0,103.3,100.0,1
64,38,49,47105.0,2,1,2,1,1,2,2,1,0,1,3,816.0,2.0,1,2,1910.0,60.0,60.0,6,14.0,76.0,0.375,30.0,10.3,1900.0,51.5,38.1,5.0,0.0,2.6,1.1,40.0,40.0,103.3,100.0,1
67,215,59,34551.0,1,1,2,1,1,1,0,1,0,0,3,815.0,1.0,2,0,1910.0,40.0,49.0,6,14.0,82.0,0.625,30.0,0.0,2150.0,65.2,34.8,1.0,0.0,2.5,0.9,30.0,40.0,93.75,90.0,0
70,108,44,36197.0,1,1,2,1,1,2,0,1,0,0,3,815.0,1.0,3,2,1910.0,55.0,50.0,0,14.0,80.0,0.625,32.0,8.0,2000.0,60.0,32.0,0.0,0.0,2.5,0.9,35.0,40.0,93.55,90.0,0
70,108,44,36197.0,1,1,2,1,1,2,0,1,0,1,3,815.0,1.0,3,2,1910.0,55.0,48.0,11,14.5,76.0,0.5,30.0,8.0,2000.0,60.0,32.0,0.0,0.0,2.5,1.0,35.0,40.0,93.55,90.0,0
71,357,61,25441.0,2,1,2,1,1,2,2,1,0,0,2,821.0,7.0,3,2,1910.0,55.0,50.0,6,17.0,89.0,1.0,22.0,10.4,1650.0,52.1,37.5,0.75,0.0,2.5,1.1,34.0,40.0,93.55,90.0,0
70,92,44,36197.0,1,1,2,1,1,2,2,1,0,1,3,816.0,2.0,3,5,1911.0,55.0,50.0,2,17.0,78.0,0.25,32.0,9.7,1900.0,52.2,38.1,0.0,0.0,3.0,0.9,35.0,40.0,96.97,90.0,0
69,306,60,34754.0,1,1,1,1,1,1,0,1,0,1,2,824.0,2.0,3,0,1910.0,42.5,48.0,2,16.0,70.0,0.8125,35.0,0.0,2050.0,66.7,33.3,2.0,0.0,1.7,1.0,30.0,40.0,93.55,90.0,1
69,302,60,34754.0,1,1,1,1,1,1,0,1,0,0,2,824.0,9.0,3,0,1910.0,42.5,48.0,2,15.0,76.0,0.875,30.0,3.6,2050.0,60.2,36.2,0.0,0.0,2.5,1.0,30.0,40.0,93.55,90.0,1
68,319,63,36578.0,1,1,2,1,1,1,0,1,0,0,2,827.0,9.0,3,5,1911.0,35.0,48.0,4,14.5,76.0,0.75,20.0,0.0,2225.0,62.5,37.5,4.0,0.0,2.7,1.2,33.0,40.0,106.25,90.0,1
68,291,63,36578.0,1,1,2,1,1,1,0,1,0,0,2,827.0,2.0,3,5,1911.0,35.0,48.0,8,14.5,74.0,0.75,20.0,0.0,2225.0,62.5,37.5,4.0,0.0,2.0,1.2,33.0,40.0,106.25,90.0,1
68,217,59,34551.0,1,1,2,1,1,1,0,1,0,1,3,815.0,9.0,2,0,1910.0,30.0,48.0,4,15.0,88.0,0.75,35.0,7.7,1823.359168241966,57.7,34.6,0.0,0.0,2.8,0.8,30.0,40.0,100.0,90.0,1
68,381,61,25440.0,2,1,2,1,1,2,2,1,0,0,2,821.0,2.0,3,2,1911.0,47.5,49.0,13,14.5,88.0,0.625,25.0,34.5,2000.0,43.5,22.0,0.0,0.0,2.5,0.7,40.0,40.0,96.97,90.0,1
67,60,49,47105.0,2,1,2,1,1,2,2,1,0,1,1,813.0,1.0,1,2,1911.0,60.0,48.0,11,14.0,76.0,1.0,30.907563025210084,5.6,1600.0,55.6,38.8,0.0,0.0,2.5,0.7,40.0,40.0,96.97,90.0,1
67,33,49,47105.0,2,1,2,1,1,2,2,1,0,1,1,813.0,5.0,1,2,1911.0,60.0,48.0,12,16.0,72.0,1.0,30.907563025210084,15.2,1600.0,44.6,40.2,0.0,4.0,2.1,0.7,40.0,40.0,96.97,90.0,1
74,121,44,36197.0,1,1,2,1,1,2,2,1,0,0,3,816.0,9.0,3,2,1911.0,47.5,52.0,8,15.2,76.0,0.75,30.0,17.5,1700.0,48.7,33.8,0.0,0.0,2.5,0.8,35.0,40.0,114.3,100.0,0
75,184,13,38059.0,2,1,2,1,1,2,2,1,0,1,0,802.0,7.0,1,2,1911.0,42.5,52.0,9,16.8,80.0,0.625,40.0,0.0,1700.0,54.3,45.7,3.0,0.0,3.0,1.0,34.0,40.0,107.4,100.0,1
75,119,44,36197.0,1,1,2,1,1,2,2,1,0,1,3,815.0,9.0,3,5,1911.0,47.5,53.0,8,15.0,72.0,0.75,25.0,22.0,1500.0,45.9,32.1,0.0,0.0,2.5,0.8,35.0,40.0,114.3,100.0,0
72,124,44,36197.0,1,1,2,1,1,2,2,1,0,1,3,815.0,2.0,3,5,1911.0,47.5,58.0,9,14.0,85.0,0.75,28.0,16.5,1800.0,48.5,35.0,0.0,0.0,2.5,0.5,35.0,40.0,114.3,100.0,0
69,92,44,36197.0,1,1,2,1,1,2,2,1,0,1,3,816.0,2.0,3,5,1910.0,55.0,48.0,4,18.0,76.0,0.25,24.0,10.0,1600.0,60.0,30.0,0.0,0.0,3.0,0.9,35.0,40.0,93.55,90.0,0
73,385,10,38218.0,1,1,2,1,1,1,0,1,0,1,2,821.0,7.0,3,0,1911.0,30.0,52.0,9,16.5,80.0,0.625,40.0,0.0,1800.0,58.1,41.9,1.0,0.0,2.5,0.4,35.0,40.0,107.4,100.0,0
75,183,13,38059.0,2,1,2,1,1,2,2,1,0,0,0,802.0,2.0,1,2,1910.0,42.5,52.0,4,18.0,70.0,0.625,45.0,0.0,1700.0,58.8,41.2,0.0,0.0,3.0,0.7,34.0,40.0,103.125,100.0,1
77,329,61,25443.0,2,1,2,1,1,2,2,1,0,1,2,821.0,7.0,3,2,1911.0,47.5,54.0,8,14.0,65.0,0.625,25.0,16.1,1500.0,44.6,39.3,4.0,0.0,2.5,1.0,34.0,40.0,114.29,100.0,0
79,223,57,38240.0,2,1,2,1,1,2,2,1,2,1,0,802.0,7.0,1,5,1911.0,60.0,46.0,9,15.35979515828678,80.0,0.625,50.0,12.4,1391.0,51.5,36.1,2.0,0.0,2.7,1.0,38.5,40.0,114.29,100.0,1
79,225,57,38240.0,2,1,2,1,1,2,2,1,2,1,0,802.0,2.0,1,5,1911.0,60.0,46.0,9,15.35979515828678,70.0,0.625,50.0,19.0,1391.0,47.6,33.3,0.0,0.0,2.7,0.7,38.5,40.0,114.29,100.0,1
77,210,59,34522.0,1,1,2,1,1,1,2,1,0,1,3,816.0,9.0,2,2,1911.0,35.0,50.0,8,14.0,74.0,0.25,28.0,0.0,2500.0,58.8,41.2,0.0,0.0,2.5,0.7,30.0,40.0,114.29,100.0,1
77,199,59,34522.0,1,1,2,1,1,1,2,1,0,1,3,816.0,2.0,2,2,1911.0,40.0,50.0,8,13.0,74.0,0.25,25.0,0.0,2500.0,58.8,41.2,2.0,0.0,2.5,0.5,30.0,40.0,114.29,100.0,1
76,342,5,34587.0,1,1,2,1,1,1,0,1,0,0,2,827.0,2.0,3,0,1911.0,30.0,53.0,9,14.0,85.0,0.75,30.0,15.0,2290.0,50.0,35.0,0.0,0.0,2.0,1.5,33.0,40.0,110.7,100.0,1
76,335,5,34587.0,1,1,2,1,1,1,0,1,0,0,2,827.0,9.0,3,0,1911.0,30.0,53.0,8,15.0,80.0,0.75,30.0,15.0,2290.0,50.0,35.0,0.0,0.0,2.5,1.0,33.0,40.0,110.7,100.0,1
78,330,60,34756.0,1,1,1,1,1,1,0,1,0,1,2,824.0,2.0,3,0,1911.0,30.0,54.0,9,16.3,80.0,0.8125,30.0,0.0,2100.0,60.0,40.0,3.0,0.0,2.5,1.2,30.0,40.0,114.29,100.0,1
78,363,60,34756.0,1,1,1,1,1,1,0,1,0,1,2,824.0,9.0,3,0,1911.0,30.0,54.0,2,14.9,72.0,1.25,30.0,3.6,2100.0,60.2,36.1,1.5,0.0,2.5,1.2,30.0,40.0,114.29,100.0,1
81,101,66,34996.0,1,1,2,1,1,1,0,1,0,1,3,816.0,9.0,3,2,1910.0,35.0,43.0,11,13.0,75.0,0.75,30.907563025210084,0.0,2000.0,62.5,37.5,0.0,0.0,2.5,1.1,30.0,40.0,100.0,100.0,0
84,284,61,25445.0,2,1,2,1,1,2,2,1,0,1,2,821.0,7.0,3,2,1910.0,52.5,43.0,6,15.0,71.0,0.75,28.0,7.4,1500.0,53.2,39.4,0.0,0.0,2.5,1.0,34.0,40.0,98.3,100.0,0
85,288,44,36165.0,2,1,2,1,1,2,2,1,0,0,2,828.0,2.0,3,2,1910.0,65.0,43.0,2,16.0,78.0,0.75,30.0,12.0,2100.0,46.3,41.7,0.0,0.0,2.0,1.0,40.0,40.0,100.0,100.0,0
83,302,44,36165.0,2,1,2,1,1,2,2,1,0,0,2,828.0,9.0,3,2,1910.0,65.0,42.0,4,17.5,100.0,1.125,25.0,17.5,2250.0,48.5,34.0,0.0,0.0,2.5,1.0,40.0,40.0,100.0,100.0,1
83,288,44,36165.0,2,1,2,1,1,2,2,1,0,0,2,828.0,2.0,3,2,1910.0,65.0,42.0,2,17.0,80.0,1.0,22.0,15.0,2250.0,50.0,35.0,1.0,0.0,2.5,1.0,40.0,40.0,100.0,100.0,1
85,107,5,34588.0,1,1,2,1,1,1,0,1,0,1,3,815.0,9.0,3,0,1910.0,37.5,43.0,2,16.0,76.0,0.9375,30.907563025210084,0.0,2180.0,62.5,37.5,2.0,0.0,2.9,1.2,33.0,40.0,96.77,100.0,0
80,99,64,36059.0,1,2,2,1,1,1,0,1,0,1,3,815.0,2.0,3,0,1906.7816091954023,45.1679012345679,42.0,2,16.1,73.0,0.625,30.0,0.0,2000.0,61.9,38.1,0.0,0.0,2.8,1.0,30.0,39.056390977443606,103.03279135338346,99.59888059701493,0
81,101,65,34996.0,1,1,2,1,1,1,0,1,0,1,3,816.0,9.0,3,2,1910.0,35.0,43.0,11,13.0,75.0,0.75,30.907563025210084,0.0,2000.0,62.5,37.5,0.0,0.0,2.5,1.1,30.0,40.0,100.0,100.0,0
82,93,65,34996.0,1,1,2,1,1,1,0,1,0,1,3,816.0,9.0,3,2,1910.0,35.0,42.0,8,15.9,78.0,0.375,32.0,0.0,2150.0,62.5,37.5,0.0,0.0,1.7,0.9,30.0,40.0,101.67,100.0,0
83,126,5,34588.0,1,1,2,1,1,1,0,1,0,0,3,815.0,2.0,3,0,1910.0,40.0,43.0,4,15.5,85.0,0.75,25.0,4.7,2000.0,58.1,37.2,0.0,0.0,2.5,1.0,33.0,40.0,96.77,100.0,0
85,113,5,34588.0,1,1,2,1,1,1,0,1,0,1,3,815.0,2.0,3,0,1910.0,40.0,43.0,6,17.2,78.0,0.9375,30.907563025210084,1.0,2180.0,58.3,40.7,2.0,0.0,2.4,0.8,33.0,40.0,96.77,100.0,0
88,267,61,25466.0,2,1,2,1,1,2,2,1,0,1,2,821.0,7.0,3,2,1910.0,50.0,43.0,6,17.0,72.0,0.625,30.0,14.3,1600.0,47.6,38.1,0.0,0.0,2.5,1.0,34.0,40.0,96.77,100.0,0
92,299,61,25477.0,2,1,2,1,1,2,2,1,0,0,2,821.0,7.0,3,2,1911.0,50.0,42.0,2,17.0,73.0,0.4375,20.0,18.5,1800.0,46.3,35.1,2.0,0.0,2.5,1.0,34.0,40.0,100.0,100.0,0
89,233,49,47106.0,2,1,2,1,1,2,2,1,0,1,0,802.0,2.0,1,0,1910.0,40.0,43.0,2,13.5,76.0,0.75,52.0,4.4,1726.0,55.0,40.6,0.0,0.0,3.0,1.0,40.0,40.0,96.77,100.0,1
86,123,37,34716.0,1,1,2,1,1,2,0,1,0,1,3,816.0,9.0,3,2,1910.0,40.0,43.0,6,16.4,79.0,0.3125,35.0,0.5,2400.0,59.5,40.0,0.5,0.0,2.6,1.1,35.0,40.0,96.77,100.0,1
90,123,37,34716.0,1,1,2,1,1,2,0,1,0,0,3,816.0,9.0,3,2,1910.0,40.0,51.0,4,15.0,70.0,0.25,24.0,0.5,0.0,59.5,40.0,0.0,0.0,3.0,1.0,35.0,40.0,100.0,100.0,0
89,100,65,34997.0,1,1,2,1,1,1,0,1,0,0,3,815.0,1.0,3,0,1910.0,32.5,43.0,2,13.0,80.0,0.75,28.0,0.0,1500.0,62.5,37.5,0.0,0.0,0.0,0.0,30.0,40.0,100.0,100.0,0
86,90,37,34716.0,1,1,2,1,1,2,0,1,0,1,3,816.0,2.0,3,2,1910.0,40.0,43.0,4,15.6,81.0,0.5,34.0,0.0,2400.0,62.5,37.5,5.0,0.0,2.40093808630394,0.9,35.0,40.0,96.77,100.0,1
88,116,37,34716.0,1,1,2,1,1,2,0,1,0,1,3,816.0,7.0,3,2,1910.0,37.5,43.0,2,15.8,80.0,0.5,32.0,0.0,2400.0,62.5,37.5,5.0,0.0,2.5,0.9,35.0,40.0,96.77,100.0,1
86,191,59,34553.0,1,1,2,1,1,1,0,1,0,1,2,827.0,2.0,2,0,1910.0,45.0,42.0,6,14.9,75.0,1.0,25.0,10.5,1660.0,52.6,36.9,0.0,0.0,2.5,1.0,30.0,40.0,101.67,100.0,1
86,190,59,34553.0,1,1,2,1,1,1,0,1,0,1,2,827.0,9.0,2,0,1910.0,45.0,42.0,2,14.0,80.0,0.7243334970530452,20.0,7.6,1823.359168241966,54.3,38.1,0.0,0.0,2.40093808630394,0.987593984962406,30.0,40.0,101.67,100.0,1
88,266,44,36166.0,1,1,2,1,1,2,0,1,0,0,2,828.0,2.0,3,2,1910.0,45.0,43.0,2,16.0,80.0,0.75,30.0,3.1,2200.0,51.0,45.9,0.0,0.0,2.5,1.3,35.0,40.0,103.33,100.0,1
88,331,44,36166.0,1,1,2,1,1,2,0,1,0,0,2,828.0,9.0,3,2,1910.0,50.0,43.0,2,15.5,72.0,0.75,30.0,5.1,2200.0,50.6,44.3,0.0,0.0,2.5,1.3,35.0,40.0,96.77,100.0,1
87,74,49,47106.0,2,1,2,1,1,2,2,1,0,0,0,802.0,7.0,1,2,1910.0,40.0,45.0,4,13.6,90.0,0.75,45.0,0.0,1386.0,62.5,37.5,0.0,0.0,3.0,0.7,40.0,40.0,96.77,100.0,0
91,74,49,47106.0,2,1,2,1,1,2,2,1,0,0,0,802.0,7.0,1,2,1910.0,40.0,42.0,2,15.0,65.0,0.75,55.0,0.0,1650.0,62.5,37.5,0.0,0.0,2.5,1.0,40.0,40.0,96.77,100.0,0
95,371,10,34442.0,2,1,2,1,1,2,2,1,0,0,2,821.0,7.0,3,2,1910.0,50.0,43.0,6,14.0,74.0,0.625,20.0,2.2,1800.0,56.2,41.6,0.0,0.0,3.0,1.0,38.0,40.0,96.875,100.0,0
92,111,65,34997.0,1,1,2,1,1,1,0,1,0,1,3,815.0,9.0,3,0,1910.0,50.0,47.0,2,16.2,74.0,0.75,28.0,10.8,2000.0,53.4,35.8,0.0,0.0,2.5,1.3,30.0,40.0,100.0,100.0,0
93,105,65,34997.0,1,1,2,1,1,1,0,1,0,1,3,815.0,2.0,3,0,1910.0,50.0,47.0,6,16.0,92.0,0.75,35.0,0.0,1800.0,68.0,32.0,1.0,0.0,2.6,1.2,30.0,40.0,100.0,100.0,0
100,248,60,34759.0,1,1,1,1,1,1,0,1,0,1,3,816.0,1.0,2,0,1910.0,32.5,47.0,6,16.1,88.0,0.3125,28.0,0.0,2189.0,62.5,37.5,0.0,0.0,2.4,0.8,30.0,40.0,100.0,100.0,1
100,249,60,34759.0,1,1,1,1,1,1,0,1,0,1,3,816.0,2.0,2,0,1910.0,32.5,47.0,2,20.0,79.0,0.3125,29.0,0.0,2189.0,58.1,41.9,5.0,0.0,2.5,1.25,30.0,40.0,100.0,100.0,1
96,110,41,34781.0,1,1,2,1,1,2,0,1,0,1,3,816.0,2.0,3,2,1910.0,70.0,43.0,8,18.1,78.0,0.5,28.0,14.4,2125.0,48.1,37.5,5.0,0.0,3.0,0.9,33.0,40.0,100.0,100.0,1
96,97,41,34781.0,1,1,2,1,1,2,0,1,0,1,3,816.0,9.0,3,2,1910.0,70.0,43.0,4,16.0,77.0,0.8175,28.0,15.9,2125.0,46.5,37.6,3.0,0.0,1.75,0.6,33.0,40.0,100.0,100.0,1
100,251,60,34759.0,1,1,1,1,1,1,0,1,0,1,3,816.0,9.0,2,0,1910.0,40.0,47.0,2,16.53,78.0,0.8125,24.0,0.0,2189.0,58.8,41.2,0.0,0.0,2.0,0.8,30.0,40.0,100.0,100.0,1
94,114,65,34997.0,1,1,2,1,1,1,0,1,0,1,3,815.0,2.0,3,0,1910.0,32.5,45.0,4,14.0,94.0,0.625,25.0,0.0,1800.0,66.7,33.3,0.0,0.0,2.1,1.0,30.0,40.0,100.0,100.0,0
99,250,60,34259.0,1,1,1,1,1,1,0,1,0,0,3,815.0,1.0,2,0,1911.0,40.0,47.0,6,15.0,88.0,0.5,34.0,0.0,1700.0,62.5,37.5,0.0,0.0,0.0,0.0,30.0,40.0,100.0,100.0,0
97,233,49,47106.0,2,1,2,1,1,2,2,1,0,1,0,802.0,2.0,1,2,1911.0,40.0,46.0,8,15.0,70.0,0.75,50.0,0.0,1800.0,53.9,46.1,0.0,0.0,2.5,1.0,40.0,40.0,100.0,100.0,0
98,74,49,47106.0,2,1,2,1,1,2,2,1,0,0,0,802.0,7.0,1,2,1911.0,40.0,50.0,4,14.0,70.0,0.75,45.0,0.0,1800.0,60.2,39.8,0.0,0.0,2.5,1.0,40.0,40.0,100.0,100.0,0
92,359,61,25447.0,2,1,2,1,1,2,2,1,0,0,2,821.0,2.0,3,2,1911.0,45.0,41.0,2,15.0,78.0,0.75,20.0,14.6,1800.0,48.5,36.9,0.0,0.0,2.5,1.0,34.0,40.0,100.0,100.0,1
93,186,59,34554.0,1,1,2,1,1,2,0,1,0,1,2,827.0,2.0,2,2,1910.0,45.0,42.0,2,14.0,75.0,1.0,20.0,11.2,1800.0,51.0,37.8,8.0,0.0,2.5,1.0,35.0,40.0,100.0,100.0,1
93,187,59,34554.0,1,1,2,1,1,2,0,1,0,1,2,827.0,9.0,2,2,1911.0,45.0,42.0,9,14.0,75.0,1.0,20.0,0.0,1800.0,58.9,41.1,8.0,0.0,3.0,2.0,35.0,40.0,100.0,100.0,1
91,362,44,36167.0,1,1,2,1,1,2,0,1,0,1,2,828.0,2.0,3,3,1910.0,45.0,41.0,9,15.8,78.0,1.0,40.0,0.0,2300.0,62.5,37.5,4.0,0.0,2.5,1.4,35.0,40.0,100.0,100.0,1
91,360,44,36167.0,1,1,2,1,1,2,0,1,0,1,2,828.0,9.0,3,3,1910.0,45.0,41.0,2,14.6,74.0,1.0,32.0,21.0,2300.0,47.6,31.4,4.0,0.0,2.5,1.1,35.0,40.0,96.77,100.0,1
101,257,61,25450.0,2,1,2,1,1,2,2,1,0,1,2,821.0,7.0,3,2,1910.0,45.0,42.0,12,14.8,72.0,0.625,20.0,0.0,1800.0,58.8,41.2,0.0,0.0,2.5,0.9,34.0,40.0,106.25,100.0,1
101,123,46,36805.0,2,1,2,1,1,2,2,1,0,1,3,815.0,9.0,3,5,1910.0,50.0,42.0,6,16.0,88.0,0.75,33.0,11.5,1650.0,52.1,36.4,0.0,0.0,2.5,1.0,38.0,40.0,106.25,100.0,1
101,105,46,36805.0,2,1,2,1,1,2,2,1,0,0,3,815.0,2.0,3,5,1910.0,50.0,42.0,8,17.0,88.0,0.75,30.0,0.0,1600.0,62.5,27.5,5.0,0.0,2.6,1.0,38.0,40.0,106.25,100.0,0
101,105,46,36805.0,2,1,2,1,1,2,1,1,0,1,3,815.0,2.0,3,5,1910.0,50.0,42.0,4,15.0,90.0,1.0,35.0,0.0,1650.0,55.5,44.5,0.0,0.0,2.5,1.0,38.0,40.0,100.0,100.0,0
101,258,61,25450.0,2,1,2,1,1,2,2,1,0,1,2,821.0,2.0,3,2,1906.7816091954023,50.0,42.0,11,15.5,73.0,0.625,20.0,3.6,1800.0,60.2,36.2,0.0,0.0,2.5,0.9,34.0,40.0,106.25,100.0,1
102,239,6,38120.0,2,1,2,1,1,2,1,1,0,1,3,815.0,2.0,1,2,1910.0,45.0,43.0,8,20.0,84.0,0.625,33.0,5.780578512396694,1200.0,55.63853305785125,38.56764462809917,0.0,0.0,2.5,0.5,40.0,40.0,106.25,100.0,0
103,316,25,34692.0,1,1,2,1,1,1,2,1,0,0,2,824.0,2.0,3,0,1910.0,45.0,42.0,8,15.0,70.0,0.8125,40.0,0.0,1500.0,58.8,41.2,3.0,0.0,2.0,1.0,30.0,40.0,100.0,100.0,0
103,247,58,35001.0,2,1,2,1,1,2,2,1,0,1,3,816.0,9.0,2,2,1910.0,40.0,42.0,2,12.7,84.0,0.5,32.0,0.0,1750.0,62.5,37.5,0.0,0.0,2.5,0.9,40.0,40.0,100.0,100.0,1
103,294,30,23048.0,2,1,2,1,1,2,2,1,0,1,2,821.0,7.0,3,2,1910.0,40.0,42.0,9,15.5,64.0,0.625,20.0,10.5,1550.0,52.6,36.9,0.0,0.0,2.0,0.6,40.0,40.0,106.25,100.0,1
103,377,30,23048.0,2,1,2,1,1,2,2,1,0,1,2,821.0,2.0,3,2,1910.0,40.0,42.0,9,16.0,78.0,0.625,20.0,0.0,1550.0,62.5,37.5,0.0,0.0,2.5,1.0,40.0,40.0,106.25,100.0,1
103,167,2,27490.0,1,1,2,1,1,2,0,1,0,0,0,802.0,2.0,1,2,1910.0,32.0,42.0,4,16.0,70.0,0.625,46.0,0.0,1350.0,60.2,39.8,0.0,0.0,3.0,1.0,34.0,40.0,100.0,100.0,1
103,67,2,27490.0,1,1,2,1,1,2,0,1,0,0,0,802.0,7.0,1,2,1910.0,32.0,42.0,4,16.0,70.0,0.625,48.0,0.0,1350.0,63.9,36.1,0.0,0.0,3.0,1.0,34.0,40.0,100.0,100.0,1
110,314,61,25452.0,2,1,2,1,1,2,2,1,0,1,2,821.0,7.0,3,2,1910.0,67.5,50.0,1,16.5,73.0,0.875,20.0,18.1,1800.0,47.6,34.3,0.0,0.0,2.5,0.8,34.0,40.0,110.71,100.0,0
111,127,6,38121.0,2,1,2,1,1,2,2,1,0,1,3,815.0,9.0,1,0,1911.0,45.0,60.0,8,16.0,88.0,0.75,33.0,0.0,1500.0,56.8,43.2,0.0,0.0,2.9,1.1,40.0,40.0,103.22,100.0,0
103,254,58,35001.0,2,1,2,1,1,2,1,1,0,0,3,816.0,2.0,2,2,1910.0,42.0,42.0,6,14.5,78.0,1.0,28.0,0.0,1800.0,61.7,38.3,0.0,0.0,2.5,2.0,40.0,40.0,100.0,100.0,0
105,140,6,38121.0,2,1,2,1,1,2,1,1,0,0,3,815.0,2.0,1,0,1910.0,45.0,40.0,8,16.0,89.0,0.625,22.0,0.0,1300.0,60.0,40.0,1.0,0.0,2.5,1.0,40.0,40.0,106.45,100.0,0
106,131,6,38121.0,2,1,2,1,1,2,1,1,0,0,3,815.0,2.0,1,0,1910.0,45.0,42.0,6,14.0,89.0,0.75,26.0,0.0,1450.0,58.8,41.2,1.0,0.0,2.5,1.0,40.0,40.0,103.22,100.0,0
108,43,22,35525.0,2,1,2,1,1,2,2,1,0,0,3,815.0,9.0,1,2,1910.0,40.0,54.0,8,14.8,87.0,0.7243334970530452,29.0,0.0,1000.0,58.8,41.2,0.0,0.0,2.9,1.0,40.0,40.0,106.45,100.0,0
106,135,6,38121.0,2,1,2,1,1,2,2,1,0,0,3,815.0,9.0,1,0,1910.0,45.0,42.0,11,16.0,83.0,0.625,30.0,0.0,1950.0,58.8,41.2,0.0,0.0,2.5,1.0,40.0,40.0,106.45,100.0,0
108,32,34,34099.0,2,1,2,1,1,2,2,1,0,0,0,802.0,2.0,1,2,1910.0,45.0,41.0,6,13.3,70.0,0.75,50.0,0.0,1700.0,60.2,39.8,0.0,0.0,3.0,0.8,38.0,40.0,117.85,100.0,1
108,35,34,34099.0,2,1,2,1,1,2,2,1,0,0,0,802.0,7.0,1,2,1910.0,45.0,41.0,6,13.3,70.0,0.75,50.0,0.0,1700.0,63.9,36.1,0.0,0.0,3.0,0.7,38.0,40.0,117.85,100.0,1
103,247,58,35001.0,2,1,2,1,1,2,2,1,0,0,3,816.0,9.0,2,2,1906.7816091954023,35.0,42.0,2,15.5,80.0,1.0,26.0,0.0,1800.0,62.5,37.5,3.0,0.0,2.5,2.0,40.0,40.0,100.0,100.0,1
110,388,61,25452.0,2,1,2,1,1,2,2,1,0,1,2,821.0,2.0,3,2,1910.0,65.0,50.0,2,15.1,75.0,0.625,20.0,19.0,1800.0,47.6,33.4,0.0,0.0,2.7,0.6,34.0,40.0,110.71,100.0,1
106,380,61,25451.0,2,1,2,1,1,2,2,1,0,1,2,821.0,7.0,3,2,1910.0,55.0,40.0,8,15.1,69.0,0.625,20.0,19.5,1450.0,44.2,36.3,0.0,0.0,2.5,0.9,34.0,40.0,106.45,100.0,1
112,7,49,48201.0,2,1,2,1,1,2,2,1,0,1,3,815.0,2.0,1,2,1911.0,62.0,52.0,13,15.0,78.0,0.75,28.0,5.9,1400.0,58.8,35.3,4.0,0.0,2.5,0.8,40.0,40.0,103.22,100.0,0
104,209,59,34556.0,1,1,2,1,1,1,0,1,0,1,3,816.0,2.0,2,0,1910.0,37.5,42.0,2,16.0,70.0,0.375,28.0,0.0,2400.0,58.8,41.2,3.0,0.0,3.0,0.8,30.0,40.0,106.45,100.0,0
108,61,22,35525.0,2,1,2,1,1,2,2,1,0,1,3,815.0,2.0,1,2,1910.0,40.0,54.0,6,22.2,77.0,0.625,32.0,6.25,1000.0,56.25,37.5,0.0,0.0,3.0,1.2,40.0,40.0,106.45,100.0,0
106,197,59,34556.0,1,1,2,1,1,1,0,1,0,1,3,816.0,9.0,2,0,1910.0,37.5,40.0,2,14.0,80.0,0.25,24.0,0.0,2400.0,58.8,41.2,2.0,0.0,2.5,0.8,30.0,40.0,106.45,100.0,1
109,207,59,34556.0,1,1,2,1,1,1,0,1,0,1,3,816.0,2.0,2,0,1910.0,37.5,50.0,2,15.5,95.0,0.625,26.0,0.0,2350.0,62.5,37.5,1.0,0.0,2.6,0.6,30.0,40.0,106.45,100.0,1
107,217,59,34556.0,1,1,2,1,1,1,0,1,0,1,3,816.0,2.0,2,0,1910.0,37.5,41.0,2,15.0,80.0,0.5,30.0,0.0,2398.0,58.8,41.2,9.0,0.0,2.5,0.7,30.0,40.0,106.45,100.0,1
105,321,5,34590.0,1,1,2,1,1,1,0,1,0,1,2,827.0,9.0,3,0,1910.0,50.0,40.0,8,15.0,72.0,0.75,30.0,0.0,2233.0,58.8,41.2,8.0,0.0,1.5,1.0,33.0,40.0,106.45,100.0,1
105,298,5,34590.0,1,1,2,1,1,1,0,1,0,1,2,827.0,2.0,3,0,1910.0,50.0,40.0,4,15.0,88.0,0.75,30.0,0.0,2233.0,58.8,41.2,8.0,0.0,3.0,1.0,33.0,40.0,106.45,100.0,1
107,295,25,34693.0,1,1,2,1,1,1,0,1,0,1,2,828.0,2.0,3,0,1906.7816091954023,45.0,41.0,2,16.1,74.0,1.0,30.0,0.0,1800.0,62.5,37.5,1.0,0.0,2.5,1.2,30.0,40.0,106.45,100.0,1
107,261,25,34693.0,1,1,2,1,1,1,0,1,0,1,2,828.0,9.0,3,0,1910.0,50.0,41.0,2,15.7,80.0,1.0,43.0,0.0,1800.0,62.5,37.5,1.0,0.0,2.5,1.5,30.0,40.0,106.45,100.0,1
109,374,25,34694.0,1,1,2,1,1,1,0,1,0,1,2,824.0,2.0,3,0,1910.0,30.0,41.0,9,15.5,74.0,0.8125,30.0,2.5,1900.0,58.0,39.5,4.5,0.0,1.9,1.3,30.0,40.0,114.28,100.0,1
109,68,22,35525.0,2,1,2,1,1,2,2,1,0,1,3,815.0,2.0,1,2,1910.0,40.0,41.0,6,15.5,76.0,0.75,28.0,3.6,1750.0,60.2,36.1,4.0,0.0,3.0,1.0,40.0,40.0,117.85,100.0,1
112,334,61,25502.0,2,1,2,1,1,2,2,1,0,1,2,821.0,2.0,3,2,1911.0,52.0,52.0,6,16.0,78.0,0.75,30.0,14.1,1250.0,50.5,53.4,0.0,0.0,3.0,0.9,34.0,40.0,103.22,100.0,0
217,130,16,37001.0,2,1,2,1,1,2,2,1,0,0,0,802.0,7.0,1,2,1911.0,45.0,62.0,4,15.0,76.0,0.75,50.0,0.0,1500.0,58.8,41.2,0.0,0.0,3.0,1.2,38.0,40.0,103.225,100.0,0
218,333,25,35462.0,1,1,2,1,1,1,0,1,0,0,2,824.0,2.0,3,2,1906.7816091954023,40.0,58.0,2,17.0,75.0,0.05625,30.0,0.0,1900.0,58.8,41.2,0.0,0.0,2.6,1.4,30.0,40.0,103.225,100.0,0
222,129,16,37001.0,2,1,2,1,1,2,2,1,0,1,0,802.0,7.0,1,2,1910.0,60.0,60.0,4,15.0,80.0,0.75,56.0,14.3,1380.0,47.6,38.1,0.0,0.0,3.0,1.0,38.0,40.0,106.4,100.0,1
205,241,1,24780.0,1,1,2,1,1,2,0,1,0,1,3,816.0,9.0,1,2,1911.0,47.5,65.0,2,14.0,80.0,0.5,27.0,11.5,1725.0,52.1,36.4,3.0,0.0,3.0,0.9,34.0,40.0,103.125,100.0,1
213,400,44,37371.0,1,1,2,1,1,2,0,1,0,0,3,816.0,2.0,3,2,1910.0,40.0,58.0,2,15.5,84.0,0.375,25.0,9.0,2000.0,52.8,38.2,5.0,0.0,3.0,1.1,35.0,40.0,103.125,100.0,1
213,398,44,37371.0,1,1,2,1,1,2,0,1,0,1,3,816.0,9.0,3,2,1910.0,40.0,58.0,6,15.0,80.0,0.1875,30.907563025210084,3.2,2000.0,53.8,43.0,0.0,0.0,2.5,1.0,35.0,40.0,103.125,100.0,1
205,168,1,24780.0,1,1,2,1,1,2,0,1,0,1,3,816.0,2.0,1,2,1911.0,47.5,65.0,2,15.7,87.0,0.25,30.907563025210084,5.6,1725.0,55.6,38.9,3.0,0.0,3.0,0.85,34.0,40.0,103.125,100.0,1
207,199,59,88231.0,1,1,2,1,1,1,0,1,0,1,3,816.0,9.0,2,2,1910.0,40.0,62.0,2,13.7,91.0,0.375,32.0,5.6,2300.0,55.6,38.9,2.0,0.0,2.5,1.0,33.0,40.0,100.0,100.0,1
207,213,59,88231.0,1,1,2,1,1,1,0,1,0,1,3,816.0,2.0,2,2,1910.0,40.0,62.0,2,14.9,80.0,0.5,28.0,3.4,2303.0,56.8,39.8,2.0,0.0,2.5,0.6,33.0,40.0,100.0,100.0,1
209,354,5,37182.0,1,1,2,1,1,1,0,1,0,1,2,821.0,2.0,3,2,1911.0,45.0,58.0,2,15.0,75.0,0.625,20.0,10.5,2100.0,52.6,36.8,0.0,0.0,2.5,0.7,33.0,40.0,103.125,100.0,1
209,383,5,37182.0,1,1,2,1,1,1,0,1,0,1,2,821.0,7.0,3,2,1911.0,45.0,58.0,2,15.0,72.0,0.625,25.0,10.5,2100.0,52.6,36.8,5.0,0.0,2.5,0.8,33.0,40.0,103.125,100.0,1
206,287,61,25530.0,2,1,2,1,1,2,2,1,0,1,2,821.0,7.0,3,2,1910.0,42.0,58.0,4,16.0,78.0,0.5,25.0,0.0,1800.0,58.8,41.2,5.0,0.0,2.5,1.0,34.0,40.0,103.125,100.0,1
232,48,9,37970.0,1,1,2,1,1,2,0,1,0,1,0,802.0,2.0,1,2,1910.0,27.5,41.0,6,17.58,80.0,0.75,50.0,3.4,1490.0,56.8,39.8,0.0,0.0,3.0,1.0,35.0,40.0,103.125,100.0,1
232,39,9,37970.0,1,1,2,1,1,2,0,1,0,1,0,802.0,7.0,1,2,1911.0,35.0,41.0,6,16.66,78.0,0.75,50.0,7.6,1490.0,54.3,38.0,0.0,0.0,3.0,1.0,35.0,40.0,106.7,100.0,1
222,134,16,37001.0,2,1,2,1,1,2,2,1,0,1,0,802.0,2.0,1,2,1910.0,60.0,60.0,2,15.0,80.0,0.75,50.0,10.4,1380.0,47.2,42.5,0.0,0.0,3.0,1.0,38.0,40.0,106.5,100.0,1
215,77,1,24780.0,1,1,2,1,1,2,0,1,0,1,0,802.0,2.0,1,2,1910.0,40.0,60.0,2,15.0,80.0,0.625,50.0,0.0,1400.0,58.8,41.2,0.0,0.0,3.0,0.6,34.0,40.0,103.1,100.0,1
215,57,1,24780.0,1,1,2,1,1,2,0,1,0,1,0,802.0,7.0,1,2,1910.0,45.1679012345679,60.0,2,15.0,80.0,0.625,50.0,6.6,1400.0,54.9,38.5,6.0,0.0,3.0,1.1,34.0,40.0,103.1,100.0,1
219,201,58,35529.0,2,1,2,1,1,2,2,1,0,1,0,802.0,2.0,2,2,1910.0,45.0,58.0,2,17.0,72.0,0.75,30.907563025210084,3.2,1470.0,53.8,43.0,0.0,0.0,3.0,1.0,34.0,40.0,100.0,100.0,1
223,340,60,35874.0,1,1,1,1,1,1,0,1,0,0,2,824.0,2.0,3,2,1910.0,40.0,62.0,8,16.1,82.0,0.812,30.0,5.7,1800.0,56.8,37.5,10.0,0.0,0.7,0.5,30.0,40.0,106.5,100.0,1
223,304,60,35874.0,1,1,1,1,1,1,0,1,0,0,2,824.0,9.0,3,2,1911.0,40.0,62.0,4,16.1,78.0,0.5625,25.0,5.5,1800.0,55.0,39.5,0.0,0.0,1.6,1.5,30.0,40.0,103.23,100.0,1
210,289,64,37508.0,1,1,2,1,1,1,0,1,0,1,2,824.0,9.0,3,2,1910.0,45.0,57.0,4,15.0,88.0,0.5625,30.0,10.4,1900.0,52.1,37.5,0.0,0.0,2.5,1.8,30.0,40.0,100.0,100.0,1
220,345,64,37513.0,1,1,2,1,1,1,0,1,0,1,2,824.0,2.0,3,2,1911.0,40.0,59.0,8,16.4,85.0,0.8125,30.0,0.0,1900.0,58.8,41.2,10.0,0.0,2.0,0.8,30.0,40.0,96.88,100.0,1
211,373,55,35761.0,1,1,2,1,1,1,0,1,0,1,2,828.0,2.0,3,2,1910.0,35.0,59.0,2,16.1,82.0,0.7243334970530452,28.0,0.0,2500.0,58.8,41.2,0.0,0.0,2.5,1.3,30.0,40.0,100.0,100.0,1
211,357,55,35761.0,1,1,2,1,1,1,0,1,0,1,2,828.0,9.0,3,2,1910.0,35.0,59.0,2,16.1,84.0,0.7243334970530452,30.0,0.0,2500.0,55.0,45.0,0.0,0.0,2.5,1.1,30.0,40.0,100.0,100.0,1
235,255,31,37018.0,1,1,2,1,1,1,0,1,0,1,3,816.0,2.0,2,2,1911.0,42.5,47.0,2,16.2,78.0,0.75,30.0,0.0,2100.0,56.2,43.8,0.0,0.0,2.5,1.2,33.0,40.0,110.0,100.0,0
216,240,4,39200.0,2,1,2,1,1,2,2,1,0,0,3,815.0,2.0,1,2,1910.0,40.0,68.0,2,14.8,90.0,1.0,30.0,0.0,1440.0,58.8,41.2,0.0,0.0,2.5,1.0,40.0,40.0,103.13,100.0,0
214,400,44,37371.0,1,1,2,1,1,2,0,1,0,1,3,816.0,2.0,3,2,1910.0,40.0,60.0,2,15.0,85.0,1.0,25.0,6.9,2100.0,54.0,39.1,0.0,0.0,2.5,1.2,35.0,40.0,103.13,100.0,0
228,220,33,39027.0,2,1,2,1,1,2,2,1,0,1,3,816.0,2.0,1,2,1911.0,50.0,65.0,2,16.0,80.0,0.5,28.0,12.5,1550.0,50.0,37.5,0.0,0.0,2.5,1.5,34.0,40.0,106.45,100.0,0
227,235,33,39027.0,2,1,2,1,1,2,2,1,0,0,3,816.0,9.0,1,2,1910.0,50.0,60.0,6,16.0,78.0,0.5,28.0,4.5,1520.0,53.0,42.0,0.0,0.0,2.5,1.5,34.0,40.0,106.2,100.0,0
224,103,5,37189.0,1,1,2,1,1,1,0,1,0,1,3,815.0,2.0,3,2,1910.0,40.0,63.0,4,15.8,80.0,0.75,30.0,10.5,2000.0,52.6,36.9,0.0,0.0,3.0,1.0,33.0,40.0,109.7,100.0,0
212,224,64,37510.0,1,1,2,1,1,1,0,1,0,1,3,815.0,9.0,1,2,1910.0,40.0,60.0,2,14.5,85.0,1.0,35.0,0.0,1250.0,58.8,41.2,2.5,0.0,1.5,1.0,30.0,40.0,100.0,100.0,0
207,74,9,37964.0,1,1,2,1,1,2,0,1,0,1,3,815.0,2.0,1,2,1910.0,40.0,69.0,2,14.5,76.0,0.625,22.0,0.0,1250.0,58.8,41.2,1.0,0.0,2.5,1.0,35.0,40.0,100.0,100.0,0
210,88,64,37510.0,1,1,2,1,1,1,0,1,0,0,3,815.0,2.0,1,2,1910.0,45.0,61.0,2,14.0,98.0,0.75,30.0,0.0,1600.0,58.8,41.2,2.0,0.0,2.4,0.9,30.0,40.0,100.0,100.0,0
210,143,9,37965.0,1,1,2,1,1,2,0,1,0,0,3,816.0,9.0,1,2,1910.0,55.0,61.0,7,21.0,78.0,1.0,28.0,0.0,1500.0,58.8,41.2,3.0,0.0,2.5,0.7,35.0,40.0,100.0,100.0,0
234,256,31,37018.0,1,1,2,1,1,1,0,1,0,1,3,816.0,9.0,2,2,1911.0,42.5,52.0,2,16.0,82.0,0.75,30.0,0.0,2150.0,58.8,41.2,0.0,0.0,2.5,1.0,33.0,40.0,110.0,100.0,0
236,145,16,34250.0,2,1,2,1,1,2,1,1,0,0,3,816.0,2.0,1,2,1911.0,50.0,47.0,2,15.0,80.0,0.625,28.0,0.0,1750.0,59.0,41.0,0.0,0.0,1.0,1.0,38.0,40.0,91.89,100.0,0
239,148,49,47301.0,2,1,2,1,1,2,2,1,0,1,3,816.0,2.0,1,2,1910.0,45.1679012345679,44.0,2,14.3,78.0,0.25,32.0,0.0,1650.0,56.8,43.2,3.0,0.0,2.5,2.5,40.0,40.0,100.0,100.0,0
238,148,49,47301.0,1,1,2,1,1,2,2,1,0,1,3,816.0,2.0,1,2,1911.0,45.1679012345679,43.0,2,15.2,78.0,0.75,32.0,8.2,1500.0,51.0,40.8,2.0,0.0,2.7,1.8,40.0,40.0,106.25,100.0,0
237,148,49,47301.0,2,1,2,1,1,2,2,1,0,1,3,816.0,2.0,1,2,1911.0,55.0,44.0,2,15.0,70.0,0.625,28.0,8.2,1700.0,51.0,40.8,0.0,0.0,2.5,2.0,40.0,40.0,100.0,100.0,0
231,115,60,35880.0,1,1,1,1,1,1,0,1,0,1,3,816.0,2.0,1,2,1910.0,40.0,38.0,2,16.5,85.0,0.625,30.0,4.3,1900.0,53.2,42.5,0.0,0.0,3.0,1.0,30.0,40.0,103.13,100.0,0
230,115,60,35880.0,1,1,1,1,1,1,0,1,0,1,3,816.0,2.0,3,2,1910.0,40.0,40.0,2,15.7,85.0,0.3125,27.0,4.3,2050.0,53.2,42.5,1.0,0.0,2.5,1.5,30.0,40.0,103.13,100.0,0
229,120,60,35880.0,1,1,1,1,1,1,0,1,0,1,3,816.0,2.0,3,2,1911.0,40.0,40.0,8,14.9,75.0,0.625,28.0,4.3,2000.0,53.2,42.5,4.0,0.0,2.5,1.5,30.0,40.0,117.86,100.0,0
233,361,61,25550.0,2,1,2,1,1,2,2,1,0,1,2,821.0,7.0,3,2,1911.0,40.0,47.0,2,14.5,85.0,0.75,25.0,10.5,1850.0,52.6,36.9,2.0,0.0,0.0,0.0,34.0,40.0,110.0,100.0,0
226,268,11,37068.0,1,1,2,1,1,1,0,1,0,1,2,821.0,2.0,3,2,1911.0,40.0,49.0,8,17.0,75.0,0.625,30.0,0.0,1600.0,58.8,41.2,0.0,0.0,2.5,0.65,33.0,40.0,109.6,100.0,0
221,208,58,35529.0,2,1,2,1,1,2,2,1,0,1,0,802.0,7.0,2,2,1911.0,47.5,58.0,3,13.1,70.0,0.7243334970530452,55.0,10.0,1660.0,50.0,40.0,0.0,0.0,2.9,1.0,34.0,40.0,96.88,100.0,0
243,96,43,29442.0,2,1,2,1,1,2,1,1,0,1,3,816.0,2.0,3,2,1910.0,50.0,40.0,2,15.2,78.0,1.0,24.0,0.0,1850.0,58.8,41.2,0.0,0.0,2.9,1.1,40.0,40.0,103.13,100.0,0
208,76,62,35522.0,2,1,2,1,1,2,2,1,0,0,0,802.0,2.0,1,2,1911.0,40.0,65.0,2,15.0,80.0,0.625,50.0,10.4,1640.0,47.2,42.4,1.0,0.0,3.0,1.5,32.0,40.0,103.13,100.0,0
225,280,19,37575.0,1,1,2,1,1,1,0,1,0,1,2,824.0,2.0,3,2,1910.0,30.0,51.03177570093458,8,17.0,78.0,0.8125,30.0,0.0,1700.0,58.8,41.2,0.0,0.0,2.5,1.2,30.0,40.0,106.25,100.0,0
240,350,19,34272.0,2,1,2,1,1,1,0,1,0,1,2,824.0,9.0,3,2,1910.0,30.0,40.0,2,14.0,73.0,0.5625,30.0,0.0,1800.0,58.8,41.2,0.0,0.0,0.0,0.0,30.0,40.0,100.0,100.0,0
217,133,16,37001.0,2,1,2,1,1,2,2,1,0,1,0,802.0,7.0,1,2,1911.0,50.0,62.0,6,11.2,80.0,0.7243334970530452,50.0,0.0,1570.0,58.8,41.2,0.0,0.0,3.0,1.0,38.0,40.0,103.23,100.0,0
219,215,58,35529.0,2,1,2,1,1,2,2,1,0,1,0,802.0,7.0,2,2,1910.0,45.0,63.0,6,15.0,80.0,0.75,50.0,0.0,1470.0,58.8,41.2,2.0,0.0,3.0,1.0,34.0,40.0,100.0,100.0,0
208,176,62,35522.0,2,1,2,1,1,2,2,1,0,0,0,802.0,7.0,1,2,1911.0,37.5,65.0,2,16.0,80.0,0.625,50.0,6.6,1640.0,54.9,38.5,3.0,0.0,3.0,1.0,32.0,40.0,103.13,100.0,0
242,2,44,34514.0,1,1,2,1,1,2,0,1,0,1,2,821.0,7.0,3,2,1910.0,40.0,39.0,2,15.0,83.0,0.625,30.0,0.0,2000.0,58.1,41.9,1.0,0.0,2.5,0.6,35.0,40.0,100.0,100.0,0
241,4,44,34514.0,1,1,2,1,1,2,0,1,0,1,2,821.0,7.0,3,2,1911.0,40.0,39.0,2,15.0,72.0,0.375,30.0,0.0,2000.0,58.1,41.9,1.0,0.0,2.5,0.3,35.0,40.0,109.9,100.0,0
211,272,61,25532.0,2,1,2,1,1,2,2,1,0,1,2,821.0,2.0,3,2,1910.0,40.0,59.0,5,15.0,80.0,0.75,40.0,13.3,1750.0,51.0,35.7,0.0,0.0,2.2,0.7,34.0,40.0,100.0,100.0,0
249,228,9,37998.0,1,1,2,1,1,2,0,1,0,1,3,815.0,2.0,3,2,1910.0,30.0,50.0,4,16.1,79.0,0.625,25.0,5.780578512396694,1400.0,55.63853305785125,38.56764462809917,1.3193581780538302,0.03814432989690722,2.5,1.0,34.77525773195876,40.0,106.0,100.0,0
247,293,30,23233.0,2,1,2,1,1,2,0,1,0,1,2,821.0,7.0,3,2,1911.0,40.0,40.0,8,14.5,72.0,0.625,34.0,5.780578512396694,1620.0,55.63853305785125,38.56764462809917,1.3193581780538302,0.03814432989690722,2.5,1.3,34.77525773195876,40.0,102.0,100.0,0
244,6,44,34518.0,1,1,2,1,1,2,0,1,0,0,2,821.0,7.0,3,2,1911.0,45.0,36.0,2,14.0,76.0,0.625,20.0,5.780578512396694,1700.0,55.63853305785125,38.56764462809917,1.3193581780538302,0.03814432989690722,2.0,0.9,34.77525773195876,40.0,100.0,100.0,0
247,151,53,34014.0,1,1,2,1,1,2,0,1,0,1,3,816.0,9.0,3,2,1910.0,40.0,40.0,8,15.5,75.0,0.75,25.0,5.780578512396694,1100.0,55.63853305785125,38.56764462809917,1.3193581780538302,0.03814432989690722,2.5,1.0,34.77525773195876,40.0,102.941,100.0,0
248,267,65,34227.0,1,1,2,1,1,1,0,1,0,1,2,824.0,9.0,3,2,1910.0,35.0,42.0,2,15.0,78.0,0.5625,40.0,5.780578512396694,1750.0,55.63853305785125,38.56764462809917,1.3193581780538302,0.03814432989690722,2.3,1.0,34.77525773195876,40.0,103.0,100.0,0
250,117,55,36423.0,1,1,2,1,1,1,0,1,0,1,3,815.0,2.0,3,2,1910.0,55.0,51.0,5,16.4,78.0,0.5,29.0,5.780578512396694,1800.0,55.63853305785125,38.56764462809917,1.3193581780538302,0.03814432989690722,1.5,1.0,34.77525773195876,40.0,100.0,100.0,0
246,348,55,34294.0,1,1,2,1,1,1,0,1,0,1,2,821.0,2.0,3,2,1910.0,35.0,48.0,6,16.0,72.0,0.75,20.0,5.780578512396694,1650.0,55.63853305785125,38.56764462809917,1.3193581780538302,0.03814432989690722,1.5,1.1,34.77525773195876,40.0,83.33,100.0,0
245,94,55,34293.0,1,1,2,1,1,1,0,1,0,1,3,816.0,2.0,3,2,1910.0,47.5,50.0,2,17.0,70.0,0.5,30.0,5.780578512396694,2000.0,55.63853305785125,38.56764462809917,1.3193581780538302,0.03814432989690722,2.2,0.7,34.77525773195876,40.0,103.225,100.0,0
251,268,60,34156.0,1,1,2,1,1,1,0,1,0,1,2,824.0,10.0,3,2,1911.0,40.0,52.0,2,13.5,85.0,0.75,30.0,5.780578512396694,1900.0,55.63853305785125,38.56764462809917,1.3193581780538302,0.03814432989690722,0.0,0.0,34.77525773195876,40.0,94.4,100.0,0
252,193,59,34453.0,1,1,2,1,1,2,0,1,0,1,2,827.0,2.0,2,2,1911.0,47.5,53.0,4,17.0,80.0,0.625,20.0,5.780578512396694,1850.0,55.63853305785125,38.56764462809917,1.3193581780538302,0.03814432989690722,2.0,1.5,34.77525773195876,40.0,105.7,100.0,0
253,211,59,34453.0,1,1,2,1,1,2,0,1,0,1,3,816.0,9.0,2,2,1910.0,50.0,56.0,8,15.0,80.0,0.1875,26.0,5.780578512396694,1950.0,55.63853305785125,38.56764462809917,1.3193581780538302,0.03814432989690722,2.5,1.5,34.77525773195876,40.0,102.857,100.0,0
254,328,21,34763.0,2,1,2,1,1,2,2,1,0,1,2,824.0,2.0,3,2,1911.0,55.0,56.0,8,21.0,80.0,0.875,35.0,5.780578512396694,1650.0,55.63853305785125,38.56764462809917,1.3193581780538302,0.03814432989690722,2.1,0.6,34.77525773195876,40.0,100.0,100.0,0
255,286,21,34763.0,2,1,2,1,1,2,2,1,0,1,2,824.0,2.0,3,2,1910.0,55.0,54.0,8,17.5,82.0,0.8125,28.0,5.780578512396694,1600.0,55.63853305785125,38.56764462809917,1.3193581780538302,0.03814432989690722,2.5,1.0,34.77525773195876,40.0,102.94,100.0,0
256,313,60,34157.0,1,1,2,1,1,2,2,1,0,1,2,824.0,2.0,3,2,1910.0,40.0,57.0,8,16.0,86.0,0.8125,30.0,5.780578512396694,1700.0,55.63853305785125,38.56764462809917,1.3193581780538302,0.03814432989690722,2.5,1.0,34.77525773195876,40.0,102.94,100.0,0
257,205,59,34465.0,1,1,2,1,1,1,0,1,0,1,3,816.0,1.0,2,2,1910.0,35.0,56.0,6,15.1,81.0,0.75,32.0,5.780578512396694,2000.0,55.63853305785125,38.56764462809917,1.3193581780538302,0.03814432989690722,2.5,1.0,34.77525773195876,40.0,102.94,100.0,0
258,5,44,34527.0,1,1,2,1,1,2,0,1,0,1,2,821.0,7.0,2,2,1910.0,50.0,66.0,8,14.8,80.0,0.625,30.0,5.780578512396694,1840.0,55.63853305785125,38.56764462809917,1.3193581780538302,0.03814432989690722,2.5,1.0,34.77525773195876,40.0,100.0,100.0,0
259,139,49,47304.0,2,1,2,1,1,2,2,1,0,1,3,815.0,9.0,1,2,1911.0,50.0,67.0,8,14.5,86.0,0.75,22.0,5.780578512396694,1300.0,55.63853305785125,38.56764462809917,1.3193581780538302,0.03814432989690722,2.5,2.0,34.77525773195876,40.0,102.77,100.0,0
261,0,74,36567.0,1,3,2,1,2,3,3,3,0,2,0,816.0,2.0,4,2,1910.0,45.1679012345679,62.0,9,14.5,84.0,0.7243334970530452,23.0,5.780578512396694,1200.0,55.63853305785125,38.56764462809917,1.3193581780538302,0.03814432989690722,2.5,0.987593984962406,34.77525773195876,40.0,103.22,100.0,0
262,402,78,34533.0,1,3,2,1,2,4,5,3,0,3,2,821.0,2.0,6,2,1910.0,45.1679012345679,63.0,4,15.5,79.0,0.625,35.0,5.780578512396694,1760.0,55.63853305785125,38.56764462809917,1.3193581780538302,0.03814432989690722,2.4,1.0,34.77525773195876,40.0,106.25,100.0,0
263,416,73,34905.0,1,3,2,1,2,3,3,3,0,3,0,816.0,9.0,4,2,1910.0,45.1679012345679,67.0,8,15.1,80.0,0.75,28.0,5.780578512396694,1780.0,55.63853305785125,38.56764462809917,1.3193581780538302,0.03814432989690722,2.5,1.0,34.77525773195876,40.0,106.25,100.0,0
264,407,78,34534.0,1,3,2,1,2,4,5,3,0,3,2,821.0,7.0,5,2,1911.0,45.1679012345679,50.0,9,15.7,82.0,0.7243334970530452,30.0,5.780578512396694,1850.0,55.63853305785125,38.56764462809917,1.3193581780538302,0.03814432989690722,2.40093808630394,0.987593984962406,34.77525773195876,40.0,103.22,100.0,0
265,405,78,34534.0,1,3,2,1,2,4,5,3,0,3,2,821.0,7.0,5,2,1911.0,45.1679012345679,60.0,8,15.0,82.0,0.5,22.0,5.780578512396694,1800.0,55.63853305785125,38.56764462809917,1.3193581780538302,0.03814432989690722,2.5,1.0,34.77525773195876,40.0,96.8,100.0,0
266,403,78,34534.0,1,3,2,1,2,4,5,3,0,3,2,821.0,7.0,5,2,1911.0,45.1679012345679,60.0,6,14.8,80.0,0.625,25.0,5.780578512396694,1850.0,55.63853305785125,38.56764462809917,1.3193581780538302,0.03814432989690722,2.5,1.0,34.77525773195876,40.0,96.9,100.0,0
267,404,78,34534.0,1,3,2,1,2,4,5,3,0,3,2,821.0,7.0,5,2,1906.7816091954023,45.1679012345679,56.0,8,14.1,82.0,0.625,40.0,5.780578512396694,1800.0,55.63853305785125,38.56764462809917,1.3193581780538302,0.03814432989690722,2.5,0.9,34.77525773195876,40.0,96.9,100.0,0
260,421,75,36568.0,1,3,2,1,2,4,5,3,0,1,0,816.0,2.0,4,2,1911.0,45.1679012345679,56.0,11,15.1,78.0,0.5,29.0,5.780578512396694,1320.0,55.63853305785125,38.56764462809917,1.3193581780538302,0.03814432989690722,2.5,0.987593984962406,34.77525773195876,40.0,96.9,100.0,0
268,430,69,36054.0,1,3,2,1,2,4,5,3,0,3,0,816.0,2.0,4,2,1911.0,45.1679012345679,47.0,2,15.0,85.0,0.5,24.0,5.780578512396694,1470.0,55.63853305785125,38.56764462809917,1.3193581780538302,0.03814432989690722,1.8,1.7,34.77525773195876,40.0,96.9,100.0,0
269,401,82,24780.0,1,3,2,1,2,4,5,3,0,3,2,821.0,7.0,6,2,1911.0,45.1679012345679,55.0,11,15.5,76.0,0.75,30.0,5.780578512396694,1750.0,55.63853305785125,38.56764462809917,1.3193581780538302,0.03814432989690722,2.5,1.2,34.77525773195876,40.0,96.9,100.0,0
270,418,74,36569.0,1,3,2,1,2,4,4,3,0,3,0,816.0,2.0,4,2,1910.0,45.1679012345679,53.0,8,14.2,72.0,1.0,28.0,5.780578512396694,1600.0,55.63853305785125,38.56764462809917,1.3193581780538302,0.03814432989690722,2.7,1.5,34.77525773195876,40.0,106.1,100.0,0
271,422,74,36569.0,1,3,2,1,2,4,4,3,0,3,0,816.0,2.0,4,2,1910.0,45.1679012345679,39.0,8,15.1,71.0,0.625,30.0,5.780578512396694,1700.0,55.63853305785125,38.56764462809917,1.3193581780538302,0.03814432989690722,2.5,1.5,34.77525773195876,40.0,106.1,100.0,0
272,419,79,47401.0,1,3,2,1,2,3,3,3,0,3,0,816.0,2.0,4,2,1911.0,45.1679012345679,46.0,8,17.0,80.0,0.25,25.0,5.780578512396694,1700.0,55.63853305785125,38.56764462809917,1.3193581780538302,0.03814432989690722,2.5,1.5,34.77525773195876,30.0,117.7,95.0,0
273,427,80,35502.0,1,3,2,1,2,4,5,1,0,3,0,815.0,2.0,5,2,1910.0,45.1679012345679,35.0,8,16.2,88.0,0.5,28.0,5.780578512396694,1750.0,55.63853305785125,38.56764462809917,1.3193581780538302,0.03814432989690722,2.3,1.0,34.77525773195876,40.0,106.0,100.0,0
274,431,77,35986.0,1,3,2,1,2,3,3,1,0,3,3,802.0,7.0,5,2,1910.0,45.1679012345679,40.0,9,14.5,70.0,0.75,60.0,5.780578512396694,1250.0,55.63853305785125,38.56764462809917,1.3193581780538302,0.03814432989690722,2.0,1.5,34.77525773195876,40.0,112.5,100.0,0
275,429,70,37046.0,1,3,2,1,2,3,3,1,0,3,3,802.0,7.0,4,2,1911.0,45.1679012345679,39.0,8,16.0,72.0,0.75,50.0,5.780578512396694,1350.0,55.63853305785125,38.56764462809917,1.3193581780538302,0.03814432989690722,2.5,2.2,34.77525773195876,40.0,106.6,95.0,0
276,426,69,35831.0,1,3,2,1,2,4,4,1,0,3,0,815.0,2.0,4,2,1911.0,45.1679012345679,40.0,8,16.5,84.0,0.625,26.0,5.780578512396694,1565.0,55.63853305785125,38.56764462809917,1.3193581780538302,0.03814432989690722,2.5,1.0,34.77525773195876,40.0,106.6,95.0,0
277,406,78,85725.0,1,3,2,1,2,4,5,1,0,3,2,821.0,7.0,6,2,1910.0,45.1679012345679,44.0,2,16.22,74.0,0.75,30.0,5.780578512396694,2200.0,55.63853305785125,38.56764462809917,1.3193581780538302,0.03814432989690722,2.8,0.8,34.77525773195876,40.0,106.6,95.0,0
278,417,81,35661.0,1,3,2,1,2,5,5,1,0,3,0,816.0,2.0,6,2,1910.0,45.1679012345679,47.0,4,16.5,86.0,0.25,30.907563025210084,5.780578512396694,1750.0,55.63853305785125,38.56764462809917,1.3193581780538302,0.03814432989690722,2.1,2.1,34.77525773195876,40.0,109.6,95.0,0
279,433,72,37392.0,1,3,2,1,2,5,5,1,0,3,2,824.0,2.0,3,2,1906.7816091954023,45.1679012345679,51.03177570093458,2,15.35979515828678,78.53903345724908,0.7243334970530452,30.907563025210084,5.780578512396694,1823.359168241966,55.63853305785125,38.56764462809917,1.3193581780538302,0.03814432989690722,2.40093808630394,0.987593984962406,34.77525773195876,39.056390977443606,103.03279135338346,99.59888059701493,1
296,168,0,37287.531481481485,0,0,0,0,0,0,0,0,0,1,2,817.675925925926,1.5,0,2,40.0,109.1,95.0,17,15.35979515828678,78.53903345724908,0.7243334970530452,30.907563025210084,5.780578512396694,1823.359168241966,55.63853305785125,38.56764462809917,1.3193581780538302,0.03814432989690722,2.40093808630394,0.987593984962406,34.77525773195876,39.056390977443606,103.03279135338346,99.59888059701493,1
280,147,79,47403.0,1,3,2,1,2,3,3,1,0,3,0,816.0,2.0,4,2,1911.0,45.1679012345679,52.0,2,16.0,75.0,0.3125,25.0,5.780578512396694,1500.0,55.63853305785125,38.56764462809917,1.3193581780538302,0.03814432989690722,2.5,0.6,34.77525773195876,40.0,109.1,100.0,0
281,396,78,85741.0,1,3,2,1,2,5,5,1,0,1,0,816.0,2.0,6,2,1911.0,45.1679012345679,51.03177570093458,8,15.0,80.0,0.5,30.0,5.780578512396694,2020.0,55.63853305785125,38.56764462809917,1.3193581780538302,0.03814432989690722,2.9,0.5,34.77525773195876,40.0,110.3,100.0,0
282,412,78,85750.0,1,3,2,1,2,4,5,1,0,3,2,827.0,2.0,6,2,1911.0,45.1679012345679,54.0,8,16.5,88.0,0.75,25.0,5.780578512396694,1850.0,55.63853305785125,38.56764462809917,1.3193581780538302,0.03814432989690722,3.0,2.0,34.77525773195876,40.0,107.14,95.0,0
283,420,79,47405.0,1,3,2,1,2,3,3,1,0,3,0,815.0,2.0,4,2,1911.0,45.1679012345679,56.0,8,14.0,91.0,1.125,27.0,5.780578512396694,1650.0,55.63853305785125,38.56764462809917,1.3193581780538302,0.03814432989690722,3.0,1.5,34.77525773195876,40.0,100.0,95.0,0
284,428,81,37191.0,1,3,2,1,2,3,3,1,0,3,0,815.0,2.0,4,2,1911.0,45.1679012345679,50.0,2,16.5,74.0,0.625,34.0,5.780578512396694,1750.0,55.63853305785125,38.56764462809917,1.3193581780538302,0.03814432989690722,2.6,1.0,34.77525773195876,40.0,103.125,95.0,0
285,428,74,35069.0,1,3,2,1,2,3,3,1,0,3,0,816.0,9.0,4,2,1911.0,45.1679012345679,56.0,2,17.0,75.0,0.75,25.0,5.780578512396694,1600.0,55.63853305785125,38.56764462809917,1.3193581780538302,0.03814432989690722,2.0,1.0,34.77525773195876,40.0,103.125,95.0,0
286,425,81,37191.0,1,3,2,1,2,3,3,1,0,3,0,815.0,9.0,4,2,1910.0,45.1679012345679,55.0,2,17.0,95.0,0.625,27.0,5.780578512396694,1600.0,55.63853305785125,38.56764462809917,1.3193581780538302,0.03814432989690722,2.5,1.0,34.77525773195876,40.0,106.25,100.0,0
287,415,76,35425.0,1,3,2,1,2,4,5,1,0,3,2,821.0,7.0,6,2,1911.0,45.1679012345679,54.0,6,15.5,80.0,0.75,40.0,5.780578512396694,2000.0,55.63853305785125,38.56764462809917,1.3193581780538302,0.03814432989690722,1.8,1.3,34.77525773195876,40.0,107.14,99.59888059701493,0
288,432,83,71331.0,1,3,2,1,2,4,5,1,0,1,2,824.0,2.0,6,2,1911.0,45.1679012345679,54.0,2,15.5,78.0,0.8125,30.0,5.780578512396694,2100.0,55.63853305785125,38.56764462809917,1.3193581780538302,0.03814432989690722,1.2,1.0,34.77525773195876,40.0,97.05,100.0,0
291,411,78,85813.0,1,3,2,1,2,4,3,1,0,3,2,828.0,2.0,6,2,1910.0,45.1679012345679,53.0,2,17.0,73.0,0.75,35.0,5.780578512396694,2100.0,55.63853305785125,38.56764462809917,1.3193581780538302,0.03814432989690722,2.6,1.3,34.77525773195876,40.0,113.3,100.0,0
290,414,71,38240.0,1,3,2,1,2,5,5,1,0,2,2,828.0,2.0,6,2,1911.0,45.1679012345679,51.03177570093458,2,16.0,83.0,0.7243334970530452,28.0,5.780578512396694,2400.0,55.63853305785125,38.56764462809917,1.3193581780538302,0.03814432989690722,2.5,1.0,34.77525773195876,40.0,112.5,100.0,0
289,413,71,38240.0,1,3,2,1,2,5,5,1,0,3,2,828.0,9.0,6,2,1911.0,45.1679012345679,60.0,2,14.9,76.0,1.0,30.0,5.780578512396694,2500.0,55.63853305785125,38.56764462809917,1.3193581780538302,0.03814432989690722,0.5,0.5,34.77525773195876,40.0,112.5,100.0,0
293,409,78,85813.0,1,3,2,1,2,4,5,1,0,1,2,827.0,2.0,6,2,1910.0,45.1679012345679,56.0,8,18.3,80.0,1.0,32.0,5.780578512396694,1900.0,55.63853305785125,38.56764462809917,1.3193581780538302,0.03814432989690722,2.40093808630394,0.987593984962406,34.77525773195876,40.0,110.0,100.0,0
292,408,78,85813.0,1,3,2,1,2,4,5,1,0,1,2,827.0,9.0,6,2,1910.0,45.1679012345679,52.0,2,18.0,82.0,1.0,25.0,5.780578512396694,1880.0,55.63853305785125,38.56764462809917,1.3193581780538302,0.03814432989690722,1.0,1.0,34.77525773195876,40.0,112.5,100.0,0
294,423,68,38064.0,1,3,2,1,2,4,3,1,0,3,0,815.0,1.0,6,2,1910.0,45.1679012345679,51.03177570093458,2,16.1,76.0,0.5,34.0,5.780578512396694,2100.0,55.63853305785125,38.56764462809917,1.3193581780538302,0.03814432989690722,0.0,0.0,34.77525773195876,40.0,110.0,100.0,0
294,407,78,85814.0,1,3,2,1,2,4,3,1,0,1,2,827.0,2.0,6,2,1910.0,45.1679012345679,51.03177570093458,8,16.5,70.0,1.0,34.0,5.780578512396694,1903.0,55.63853305785125,38.56764462809917,1.3193581780538302,0.03814432989690722,2.7,2.8,34.77525773195876,40.0,108.0,100.0,0
295,410,78,85814.0,1,3,2,1,2,4,5,1,0,1,2,828.0,2.0,6,2,1910.0,45.1679012345679,46.0,6,16.4,76.0,1.0,34.0,5.780578512396694,1903.0,55.63853305785125,38.56764462809917,1.3193581780538302,0.03814432989690722,1.5,2.3,34.77525773195876,40.0,108.0,100.0,0
295,424,68,38064.0,1,3,2,1,2,4,5,1,0,3,0,815.0,1.0,6,2,1910.0,45.1679012345679,46.0,2,14.2,75.0,0.75,25.0,5.780578512396694,2050.0,55.63853305785125,38.56764462809917,1.3193581780538302,0.03814432989690722,2.5,1.0,34.77525773195876,40.0,108.1,100.0,0
