CT_range_4,CU_range_1,LT_range_4,sport,untrustworthy
3,0,3,3,1
0,2,3,3,0
1,0,3,3,0
2,0,3,3,0
3,0,3,3,1
0,2,3,3,0
1,0,3,3,0
2,0,3,3,0
3,0,3,3,1
0,2,3,3,0
1,0,3,3,0
2,0,3,3,0
3,0,3,3,1
0,2,3,3,0
0,2,3,3,0
1,0,3,3,0
2,0,3,3,0
3,0,3,3,1
0,1,3,3,0
1,0,3,3,0
2,0,3,3,0
3,0,3,3,1
0,1,3,3,0
1,0,3,3,0
2,0,3,3,0
3,0,3,3,1
0,1,3,3,0
1,0,3,3,0
2,0,3,3,0
3,0,3,3,1
0,1,3,3,0
1,0,3,3,0
2,0,3,3,0
3,0,3,3,1
0,1,3,3,0
0,2,3,3,0
1,0,3,3,0
2,0,3,3,0
3,0,3,3,1
0,1,3,3,0
1,0,3,3,0
2,0,3,3,0
3,0,3,3,1
0,1,3,3,0
0,2,3,3,0
1,0,3,3,0
2,0,3,3,0
3,0,3,3,1
0,1,3,3,0
0,2,3,3,0
1,0,3,3,0
2,0,3,3,0
3,0,3,3,1
0,1,3,3,0
0,2,3,3,0
1,0,3,3,0
2,0,3,3,0
3,0,3,3,1
0,1,3,3,0
0,2,3,3,0
1,0,3,3,0
2,0,3,3,0
3,0,3,3,1
0,1,3,3,0
1,0,3,3,0
2,0,3,3,0
3,0,3,3,1
0,1,3,3,0
1,0,3,3,0
2,0,3,3,0
3,0,3,3,1
0,1,3,3,0
0,2,3,3,0
1,0,3,3,0
2,0,3,3,0
3,0,3,3,1
0,1,3,3,0
1,0,3,3,0
2,0,3,3,0
3,0,3,3,1
0,1,3,3,0
1,0,3,3,0
2,0,3,3,0
3,0,3,3,1
0,1,3,3,0
0,2,3,3,0
1,0,3,3,0
2,0,3,3,0
3,0,3,3,1
0,1,3,3,0
0,2,3,3,0
1,0,3,3,0
2,0,3,3,0
3,0,3,3,1
0,1,3,3,0
1,0,3,3,0
2,0,3,3,0
3,0,3,1,0
0,2,0,0,1
3,0,3,1,0
3,0,2,1,0
3,0,2,1,0
0,3,3,0,1
0,3,3,0,1
3,0,1,1,0
3,0,1,1,0
3,0,1,1,0
0,2,3,0,1
0,2,0,0,1
3,0,2,1,0
3,0,1,1,0
3,0,1,1,0
3,0,1,1,0
0,2,3,0,1
0,2,0,0,1
3,0,2,1,0
3,0,0,1,0
3,0,0,1,0
0,2,3,0,1
0,2,0,0,1
3,0,2,1,0
3,0,0,1,0
3,0,0,1,0
3,0,0,1,0
0,2,3,0,1
0,2,0,0,1
3,0,2,1,0
3,0,0,1,0
3,0,0,1,0
0,2,3,0,1
3,0,1,1,0
3,0,0,1,0
3,0,0,1,0
3,0,0,1,0
0,2,3,0,1
3,0,1,1,0
3,0,0,1,0
3,0,0,1,0
3,0,0,1,0
0,2,3,0,1
3,0,1,1,0
3,0,0,1,0
3,0,0,1,0
0,2,3,0,1
3,0,1,1,0
3,0,0,1,0
3,0,0,1,0
3,0,0,1,0
0,2,3,0,1
0,2,0,0,1
3,0,2,1,0
3,0,0,1,0
3,0,0,1,0
0,2,3,0,1
0,2,0,0,1
3,0,2,1,0
3,0,0,1,0
3,0,0,1,0
3,0,0,1,0
0,2,3,0,1
0,2,0,0,1
3,0,2,1,0
3,0,0,1,0
3,0,0,1,0
3,0,0,1,0
0,2,3,0,1
3,0,1,1,0
3,0,0,1,0
3,0,0,1,0
0,2,3,0,1
0,2,0,0,1
3,0,2,1,0
3,0,0,1,0
3,0,0,1,0
0,2,3,0,1
3,0,1,1,0
3,0,0,1,0
3,0,0,1,0
0,2,3,0,1
0,2,0,0,1
3,0,2,1,0
3,0,0,1,0
3,0,0,1,0
0,2,3,0,1
0,2,0,0,1
3,0,2,1,0
3,0,0,1,0
3,0,0,1,0
3,0,0,1,0
0,2,3,0,1
3,0,1,1,0
3,0,0,1,0
3,0,0,1,0
3,0,0,1,0
0,2,3,0,1
1,0,1,2,1
3,0,0,2,0
3,0,0,2,0
1,0,1,2,1
0,0,0,2,0
0,0,0,2,0
0,0,0,2,0
1,0,1,2,1
0,0,0,2,0
0,0,0,2,0
0,0,0,2,0
1,0,1,2,1
1,0,1,2,1
0,0,0,2,0
0,0,0,2,0
0,0,0,2,0
1,0,1,2,1
1,0,1,2,1
0,0,0,2,0
0,0,0,2,0
0,0,0,2,0
1,0,1,2,1
1,0,1,2,1
0,0,0,2,0
0,0,0,2,0
0,0,0,2,0
1,0,1,2,1
1,0,1,2,1
0,0,0,2,0
0,0,0,2,0
0,0,0,2,0
1,0,1,2,1
0,0,0,2,0
0,0,0,2,0
0,0,0,2,0
1,0,1,2,1
0,0,0,2,0
0,0,0,2,0
0,0,0,2,0
1,0,1,2,1
1,0,1,2,1
0,0,0,2,0
0,0,0,2,0
0,0,0,2,0
1,0,1,2,1
1,0,1,2,1
0,0,0,2,0
0,0,0,2,0
0,0,0,2,0
1,0,1,2,1
0,0,0,2,0
0,0,0,2,0
0,0,0,2,0
1,0,1,2,1
1,0,1,2,1
0,0,0,2,0
0,0,0,2,0
0,0,0,2,0
1,0,1,2,1
0,0,0,2,0
0,0,0,2,0
0,0,0,2,0
1,0,1,2,1
0,0,0,2,0
0,0,0,2,0
0,0,0,2,0
1,0,1,2,1
1,0,1,2,1
0,0,0,2,0
0,0,0,2,0
0,0,0,2,0
1,0,1,2,1
0,0,0,2,0
0,0,0,2,0
0,0,0,2,0
1,0,1,2,1
1,0,1,2,1
0,0,0,2,0
0,0,0,2,0
0,0,0,2,0
1,0,1,2,1
0,0,0,2,0
0,0,0,2,0
0,0,0,2,0
1,0,1,2,1
0,0,0,2,0
0,0,0,2,0
0,0,0,2,0
1,0,1,2,1
0,0,0,2,0
0,0,0,2,0
0,0,0,2,0
1,0,1,2,1
1,0,1,2,1
0,0,0,2,0
0,0,0,2,0
0,0,0,2,0
1,0,1,2,1
1,0,1,2,1
0,0,0,2,0
0,0,0,2,0
0,0,0,2,0
1,0,1,2,1
1,0,1,2,1
0,0,0,2,0
0,0,0,2,0
0,0,0,2,0
1,0,1,2,1
0,0,0,2,0
0,0,0,2,0
0,0,0,2,0
1,0,1,2,1
1,0,1,2,1
0,0,0,2,0
0,0,0,2,0
0,0,0,2,0
1,0,1,2,1
0,0,0,2,0
0,0,0,2,0
0,0,0,2,0
1,0,1,2,1
1,0,1,2,1
0,0,0,2,0
0,0,0,2,0
0,0,0,2,0
1,0,1,2,1
3,0,3,3,1
1,0,1,2,1
1,0,1,2,1
1,0,1,2,1
3,0,3,3,1
3,0,3,3,1
0,2,3,0,1
3,0,3,3,1
3,0,3,3,1
0,2,3,0,1
1,0,1,2,1
0,2,0,0,1
1,0,1,2,1
1,0,1,2,1
3,0,3,3,1
1,0,1,2,1
3,0,3,3,1
1,0,1,2,1
0,2,0,0,1
0,2,0,0,1
0,2,3,0,1
1,0,1,2,1
0,2,3,0,1
1,0,1,2,1
1,0,1,2,1
1,0,1,2,1
1,0,1,2,1
0,2,0,0,1
1,0,1,2,1
1,0,1,2,1
0,2,0,0,1
1,0,1,2,1
1,0,1,2,1
3,0,3,3,1
0,2,0,0,1
0,2,3,0,1
1,0,1,2,1
3,0,3,3,1
1,0,1,2,1
3,0,3,3,1
0,2,3,0,1
1,0,1,2,1
0,2,3,0,1
1,0,1,2,1
1,0,1,2,1
0,2,3,0,1
1,0,1,2,1
0,2,3,0,1
1,0,1,2,1
3,0,3,3,1
1,0,1,2,1
3,0,3,3,1
0,2,0,0,1
1,0,1,2,1
0,2,0,0,1
1,0,1,2,1
0,2,0,0,1
3,0,3,3,1
1,0,1,2,1
0,2,3,0,1
1,0,1,2,1
1,0,1,2,1
3,0,3,3,1
1,0,1,2,1
3,0,3,3,1
0,2,0,0,1
0,2,3,0,1
1,0,1,2,1
3,0,3,3,1
1,0,1,2,1
1,0,1,2,1
3,0,3,3,1
1,0,1,2,1
1,0,1,2,1
1,0,1,2,1
1,0,1,2,1
0,2,3,0,1
1,0,1,2,1
3,0,3,3,1
0,2,3,0,1
3,0,3,3,1
1,0,1,2,1
3,0,3,3,1
1,0,1,2,1
1,0,1,2,1
3,0,3,3,1
1,0,1,2,1
3,0,3,3,1
3,0,3,3,1
0,2,3,0,1
1,0,1,2,1
1,0,1,2,1
0,2,0,0,1
1,0,1,2,1
0,2,3,0,1
3,0,3,3,1
0,2,0,0,1
0,2,0,0,1
1,0,1,2,1
1,0,1,2,1
1,0,1,2,1
1,0,1,2,1
1,0,1,2,1
1,0,1,2,1
1,0,1,2,1
0,2,0,0,1
0,2,0,0,1
0,2,3,0,1
1,0,1,2,1
0,2,0,0,1
0,2,3,0,1
0,2,3,0,1
1,0,1,2,1
1,0,1,2,1
3,0,3,3,1
1,0,1,2,1
1,0,1,2,1
0,2,3,0,1
0,2,0,0,1
0,2,3,0,1
1,0,1,2,1
3,0,3,3,1
0,2,3,0,1
3,0,3,3,1
1,0,1,2,1
3,0,3,3,1
1,0,1,2,1
1,0,1,2,1
3,0,3,3,1
